source_page,source_row,category,description,manufacturer_code,brand,quantity,source_price_cents,sale_price_cents,total_cents,confidence,source_fingerprint,internal_code,slug,issues
1,1,Borracha e vedação,Pestana Palio/Siena/Week 4 pts. Dianteira Direita <04,39131,UNIVERSAL,5,4500,5850,29250,high,90f142febb1ae45bc670b241fa047c859e146f7f0d8cf03131fd35eb1929fa16,APM1-0001,pestana-palio-siena-week-4-pts-dianteira-direita-04-apm1-0001,
1,2,Borracha e vedação,"JG Canaleta Cam./Pick-up (6 pçs) (Sapão), c/Pestana 93/98",38615,UNIFLEX,2,16500,21450,42900,high,a50746e6f9a756d85aeb4ee6c5c94a9c0ff6e10bc1039e51e4170008caaf83ef,APM1-0002,jg-canaleta-cam-pick-up-6-pcs-sapao-c-pestana-93-98-apm1-0002,
1,3,Borracha e vedação,Pingadeira Palio 2 pts./Pick-up Esquerda (Encaixe) (todo ano),38983,UNIFLEX,1,12500,16250,16250,high,2c7f3a09758fb02d25bf1164b4d1d99eb7b99686f80ba58bdfa49047487f4a0a,APM1-0003,pingadeira-palio-2-pts-pick-up-esquerda-encaixe-todo-ano-apm1-0003,
1,4,Borracha e vedação,Pingadeira Palio 2 pts./Pick-up Direita (Encaixe) (todo ano),38984,UNIFLEX,1,12500,16250,16250,high,185bfb86bdd7d585d1973f02911aa3bc5f1b83d678ebbb2a5c0e9e334a95bb39,APM1-0004,pingadeira-palio-2-pts-pick-up-direita-encaixe-todo-ano-apm1-0004,
1,5,Borracha e vedação,JG Canaleta Corsa 4 pts./ Hatch/ Sedan/(modelo antigo) Diant (c/Pestana ) <11,38076,UNIVERSAL,2,14300,18590,37180,high,e5def8477d150c6e12f9516fe71a0648c4cc748aea5c9c6811832c435216357f,APM1-0005,jg-canaleta-corsa-4-pts-hatch-sedan-modelo-antigo-diant-c-pestana-11-apm1-0005,
1,6,Borracha e vedação,JG Canaleta Pick-up/Veraneio Dianteira c/Pestana Flocada (C-10/C-14/D-10) 64/84,38030,UNIFLEX,2,22000,28600,57200,high,be5956afcc7c4b77fd46efb235bb1689a3e95f857e21361f97c0ad0c86e6c548,APM1-0006,jg-canaleta-pick-up-veraneio-dianteira-c-pestana-flocada-c-10-c-14-d-10-64-84-apm1-0006,
1,7,Borracha e vedação,Canaleta Gol/ Parati (bola) c/pestana ext. acoplada (mod. orig.)(2 pçs) Esq./Dir. 95>,37571,UNIFLEX,1,23500,30550,30550,high,02b72d8cb65567bc26da5032d52e990c0c92dff52d5b85b59b966eb4aeddf5bd,APM1-0007,canaleta-gol-parati-bola-c-pestana-ext-acoplada-mod-orig-2-pcs-esq-dir-95-apm1-0007,
1,8,Borracha e vedação,JG Gol/Parati/Voyage/Saveiro (10 pçs) c/Pestanas <87,37504,UNIFLEX,1,12500,16250,16250,high,455a745f7f949a1268eedf7ced4e98d504cec2de95215e14993812c7695cf2b5,APM1-0008,jg-gol-parati-voyage-saveiro-10-pcs-c-pestanas-87-apm1-0008,
1,9,Borracha e vedação,JG Passat 2/3 pts. (10 pçs) c/Pestanas Int./Ext. todos,37500,UNIFLEX,2,18500,24050,48100,high,3f94512ee6bb9b8f394ed539ded365a8fec111ed87c7ac61e389fbe9386d9b10,APM1-0009,jg-passat-2-3-pts-10-pcs-c-pestanas-int-ext-todos-apm1-0009,
1,10,Borracha e vedação,JG Canaleta Bandeirantes (4 pçs) Flocada c/Pestana Externa 85/00,39611,UNIFLEX,1,10200,13260,13260,high,46bb08292b47b01c9de941aa777e0af2ff2733099af92fdefc6a2d88d528f007,APM1-0010,jg-canaleta-bandeirantes-4-pcs-flocada-c-pestana-externa-85-00-apm1-0010,
1,11,Borracha e vedação,JG Canaleta Caminhão VW Delivery / Worker (8 pçs) c/Pestana (completo) todos,37555,UNIFLEX,1,13500,17550,17550,high,356f03e0fc4406c9610079700d70919ba496c282d22e6410e753acc73da39657,APM1-0011,jg-canaleta-caminhao-vw-delivery-worker-8-pcs-c-pestana-completo-todos-apm1-0011,
1,12,Borracha e vedação,JG Palio/Siena/SW 4 pts. dianteira (6 pçs) (p/ Carro 1.0) c/Pestana todos,39076,UNIFLEX,1,10000,13000,13000,high,c12a5882e01cc0f9b0aeb5d7d709a3fcb6d8e8f13e39c1fe26b6771e9acf8578,APM1-0012,jg-palio-siena-sw-4-pts-dianteira-6-pcs-p-carro-1-0-c-pestana-todos-apm1-0012,
1,13,Borracha e vedação,JG Uno/Prêmio/Elba 4 pts. traseira (6 pçs) c/Pestana todos,39060,UNIFLEX,1,10000,13000,13000,high,548c7d5ce17985d0d4fd7fed1856f7048d5e515a2e7c2e596b69a4c9e9dc72ba,APM1-0013,jg-uno-premio-elba-4-pts-traseira-6-pcs-c-pestana-todos-apm1-0013,
1,14,Borracha e vedação,JG Uno/Prêmio/Elba 4 pts. Diant./Pick-up / Fiorino (6 pçs) c/Pestana todos,39054,UNIFLEX,1,13600,17680,17680,high,64e87db32ce491e82ef391c666488bd20d984208c3210b1ae2075f2b0a80ab5b,APM1-0014,jg-uno-premio-elba-4-pts-diant-pick-up-fiorino-6-pcs-c-pestana-todos-apm1-0014,
1,15,Borracha e vedação,JG Uno/Prêmio/Elba 2 pts. (6 pçs) c/Pestana todos,39048,UNIFLEX,1,15000,19500,19500,high,1240374d18b4aaa81215ce0ec3873489628c4293b4c16c54ea1b1f83cfa9cfd8,APM1-0015,jg-uno-premio-elba-2-pts-6-pcs-c-pestana-todos-apm1-0015,
1,16,Borracha e vedação,Guarnição para brisa Bandeirantes s/Friso 93>,06054-0/39.570,JAHU,2,6200,8060,16120,high,09298bc8ffd7488b960af85e16153f644b139b1e9a6970c4ae572d79793cdedc,APM1-0016,guarnicao-para-brisa-bandeirantes-s-friso-93-apm1-0016,
1,17,Borracha e vedação,Canaleta Palio/Siena/SW 4 pts. dianteira (2 pçs) Esq./Dir. (s/pestana) todos,39075,UNIVERSAL,3,28000,36400,109200,high,21c95ffba2a34eed286dca7f209e784cb6eb8b593a91500ee550d54c69d79964,APM1-0017,canaleta-palio-siena-sw-4-pts-dianteira-2-pcs-esq-dir-s-pestana-todos-apm1-0017,
1,18,Borracha e vedação,Borracha porta aba alta celta 2P 01/04,700775,UNIÃO BORRACHA,2,8000,10400,20800,high,1771c5acef899c902dbda5d485fc923747f9a6aa3a5017bce4dc3331132ada16,APM1-0018,borracha-porta-aba-alta-celta-2p-01-04-apm1-0018,
1,19,Borracha e vedação,Guarnição para brisa Bandeirantes s/Friso 93>,39570,UNIFLEX,1,10000,13000,13000,high,929801026e9c9f351af37fb3b787c50e441bb5f4ff1e2041ffba206a738151a2,APM1-0019,guarnicao-para-brisa-bandeirantes-s-friso-93-apm1-0019,
1,20,Borracha e vedação,Guarnição Pick-up/Veraneio - (esponja) 64/84,02037-7/37.930,JAHU,9,7300,9490,85410,high,db9e5568d5a921d51843ce98d9c39600e01b755777e1f19a4a508a1beaebcb40,APM1-0020,guarnicao-pick-up-veraneio-esponja-64-84-apm1-0020,
1,21,Borracha e vedação,Borracha vigia corcel 2P 69/77,8655100,CENTERPARTS,1,6800,8840,8840,high,71ac6d698922299c3372fd303da69549d34cc86ed7f7057d2039ae20912f6956,APM1-0021,borracha-vigia-corcel-2p-69-77-apm1-0021,
1,22,Borracha e vedação,Pestana externa Uno/Prêmio/Elba 4 pts. traseira (1ª Linha) Direita todos,39119,UNIFLEX,1,4500,5850,5850,high,1841c690454956809224d4199b9c32fcc4bbd0b6332bf33876a6ea511611bd31,APM1-0022,pestana-externa-uno-premio-elba-4-pts-traseira-1a-linha-direita-todos-apm1-0022,
1,23,Borracha e vedação,JG Pestana externa Pick-up (sapão) (4 peças) Externa/Interna Esq./Dir. 93/98,38695,UNIFLEX,1,16000,20800,20800,high,ceb067afe5b26f8a3542fa945dd5fb664ed8ccb29bc530a200460b35407ef31c,APM1-0023,jg-pestana-externa-pick-up-sapao-4-pecas-externa-interna-esq-dir-93-98-apm1-0023,
1,24,Borracha e vedação,Canaleta Gol/ Parati 4 pts. dianteira /Saveiro s/Pestana 98>,37518,UNIVERSAL,3,21000,27300,81900,high,2826a249731a3a4531b5356e815ef184be8bab318adab123295f41ca0b856fcc,APM1-0024,canaleta-gol-parati-4-pts-dianteira-saveiro-s-pestana-98-apm1-0024,
1,25,Borracha e vedação,Porta Silverado (c/aba) 4.20 mts 01>,37961,UNIFLEX,1,7500,9750,9750,high,a60b31d5906cc58e9d2501d2711052dc43856861e2efd8159f5a838a85db0eae,APM1-0025,porta-silverado-c-aba-4-20-mts-01-apm1-0025,
1,26,Borracha e vedação,Janela fixa kombi 98/...,DVW0505A,DISKBORRACHA,1,4500,5850,5850,high,d41d30b8a2d559e171b49c9325deac2b2a50a13c92dcc252fbffb0806c6e20c5,APM1-0026,janela-fixa-kombi-98-apm1-0026,
1,27,Borracha e vedação,JG galão paralama traseira variant,1400028,UNIÃO BORRACHA,1,2500,3250,3250,high,0655be46497154fed13d7ee13eb4b0f8bbacfd5c9f87faa30cefadb3d2d122af,APM1-0027,jg-galao-paralama-traseira-variant-apm1-0027,
1,28,Borracha e vedação,Guarnição superior para-brisa palio/siena 05/...,1900562,UNIÃO BORRACHA,4,4500,5850,23400,high,481344655311351aff2b4360f10c89ba89a8a1a194d453876c2bf7e1c03da73c,APM1-0028,guarnicao-superior-para-brisa-palio-siena-05-apm1-0028,
1,29,Borracha e vedação,Janela laterais Gol (Antigo) (c/ 2.04 mts) <94,37325,UNIFLEX,2,6300,8190,16380,high,9bf7d116cccbca521ec7938a0e263c2d7e6ed096bf34309c70e17d918b9ee82e,APM1-0029,janela-laterais-gol-antigo-c-2-04-mts-94-apm1-0029,
1,30,Borracha e vedação,Guarnição quebra vento caminhão,08060-7,UNIÃO BORRACHA,2,4000,5200,10400,high,38fd422b52784fd24cb23cde368feb343c7b48f335843c6822f2eec1d20c45bc,APM1-0030,guarnicao-quebra-vento-caminhao-apm1-0030,
1,31,Borracha e vedação,Guarnição da porta colar caminhão 81/88,070555-7,JAHU,2,4000,5200,10400,high,29b41bdecccc37b48cd07ace503933cd3ce8b01b8d910813855a2076574ee071,APM1-0031,guarnicao-da-porta-colar-caminhao-81-88-apm1-0031,
1,32,Borracha e vedação,Pingadeira teto direito gol g5 08/...,76147-8,JAHU,2,4600,5980,11960,high,457a790013aec224f7b7d122c9d3a3ce1ee2f0dd335cb1df07e1ce5e07790d61,APM1-0032,pingadeira-teto-direito-gol-g5-08-apm1-0032,
1,33,Borracha e vedação,Canaleta caminhão 93/98 direito/esquerdo,8805503,CENTERPARTS,1,6200,8060,8060,high,195fc8e193cb3b5714e0d30262f2760eb2018ae3396e2384a4d5b007466c238a,APM1-0033,canaleta-caminhao-93-98-direito-esquerdo-apm1-0033,
1,34,Borracha e vedação,Borracha pt onix/cobalt/spin,8450519,CENTERPARTS,1,6400,8320,8320,high,2d0e1bd9e1290cd483188fd7d1ef78c1bb2c7b1d85e4b76a5af9f811256a5551,APM1-0034,borracha-pt-onix-cobalt-spin-apm1-0034,
1,35,Borracha e vedação,Capô porta malas Ducato Maxi Cargo (Mini Bus) 4.60 mts (todos),39210,UNIFLEX,2,14000,18200,36400,high,57e68567e73e7322a9432dc12682625f1070f82d9a1168d349f9a1264d807e25,APM1-0035,capo-porta-malas-ducato-maxi-cargo-mini-bus-4-60-mts-todos-apm1-0035,
1,36,Borracha e vedação,Para brisa 708/709/710/712/914C/1214/1215C/L1218,39226,UNIFLEX,1,15000,19500,19500,high,7df8240cdfc0fbdc8cd140c98707e1a030f8a654b1c0c46031ef550c70c61ea3,APM1-0036,para-brisa-708-709-710-712-914c-1214-1215c-l1218-apm1-0036,
1,37,Borracha e vedação,Borracha prota malas com rabicho uno 83/04,799725,NEWCAR,1,4500,5850,5850,high,1697cb4adf0a32d86cb407854787b253e9f06eb7ab412202bed8e2008c34515e,APM1-0037,borracha-prota-malas-com-rabicho-uno-83-04-apm1-0037,
1,38,Borracha e vedação,Borracha porta malas baixa mult usoChevette Hatch 73/82,37000,UNIFLEX,1,4600,5980,5980,high,6705f7f851dd561dc583d15b3fe52db05ed8ea64fbd4cd13035080203438899d,APM1-0038,borracha-porta-malas-baixa-mult-usochevette-hatch-73-82-apm1-0038,
1,39,Borracha e vedação,JG guarnição da porta Variant,14070,UNIÃO BORRACHA,1,12000,15600,15600,high,8a0205c309fdb3f148352ef85afa189b8b347a4b57ad87899996ebf4a692670c,APM1-0039,jg-guarnicao-da-porta-variant-apm1-0039,
1,40,Borracha e vedação,Vigia Uno s/Friso <90,38840,UNIFLEX,1,7000,9100,9100,high,040575b832ed51bf190dc08d82151bc244c1dd17afe46f5b4d752cc461cf7940,APM1-0040,vigia-uno-s-friso-90-apm1-0040,
1,41,Borracha e vedação,Borracha para brisa Volkswagen Gol e Parati G2 (1994 a 1999),37149,UNIFLEX,2,1000,1300,2600,high,7d625bb6d36376b612c73f944d17b1c95b818c30af304c0652976950ae025431,APM1-0041,borracha-para-brisa-volkswagen-gol-e-parati-g2-1994-a-1999-apm1-0041,
1,42,Borracha e vedação,Guarnição vigia elba (uno),2050517,UNIÃO BORRACHA,2,3200,4160,8320,high,e536ee365169973af1a7a123f800e46f00c7a28b4cd361407cd43e365d49509f,APM1-0042,guarnicao-vigia-elba-uno-apm1-0042,
1,43,Borracha e vedação,Para brisa Volks Sedan c/friso todos,37123,UNIFLEX,1,6000,7800,7800,high,884d4339a449719e5158a28b129cd162dfd140b1b956062cd4083d46afa6ee56,APM1-0043,para-brisa-volks-sedan-c-friso-todos-apm1-0043,
1,44,Borracha e vedação,Guarnição do vigia belina 78/84,900153,UNIÃO BORRACHA,1,4600,5980,5980,high,f83b2b60234119c0090c413bfadf39576c736bac8a8b180fd4d2ccdf282aca5c,APM1-0044,guarnicao-do-vigia-belina-78-84-apm1-0044,
1,45,Borracha e vedação,Guarnição janela fixa brasilia,15018-8877,UNIÃO BORRACHA,1,4800,6240,6240,high,ddf050bb041b99bc911bb3e43802914a1f8967d6fea6b066c1a98ba167af5781,APM1-0045,guarnicao-janela-fixa-brasilia-apm1-0045,
1,46,Borracha e vedação,Guarnição para brisa passat 76,1600055,UNIÃO BORRACHA,1,4800,6240,6240,high,66760594e496f39dcc71df62b1014bbd791f457f56adc680f2657849058e233f,APM1-0046,guarnicao-para-brisa-passat-76-apm1-0046,
1,47,Borracha e vedação,Borracha porta Ducato dianteira 4.31 mts todos,38936,UNIFLEX,4,10000,13000,52000,high,95604cc94f9df76f99c2be34bcfefece53d7bedafd564fb24e33093fc4561c06,APM1-0047,borracha-porta-ducato-dianteira-4-31-mts-todos-apm1-0047,
1,48,Borracha e vedação,Borracha para brisa uno/elba/torino 91/12,8615201,CENTERPARTS,1,8800,11440,11440,high,dd6e71745bf9c4b92a75f75bfcfadbb2171390c90a5d9ee24cf3d9fc07fb041e,APM1-0048,borracha-para-brisa-uno-elba-torino-91-12-apm1-0048,
1,49,Borracha e vedação,Guarniçao para brisa atego/a,1800744,UNIÃO BORRACHA,3,7800,10140,30420,high,abb9f116996d0f09a98d041cbe2a58dd63d12ee615d381b8956cf076138103d5,APM1-0049,guarnicao-para-brisa-atego-a-apm1-0049,
1,50,Borracha e vedação,Borracha para brisa 1313/1513 (cabine alta) Aba Larga todos,39222,UNIFLEX,1,15000,19500,19500,high,5ba504684609cb899527bf5578443f8b55545f8b43b86ba2b013e67f5284ed2c,APM1-0050,borracha-para-brisa-1313-1513-cabine-alta-aba-larga-todos-apm1-0050,
1,51,Borracha e vedação,Borracha Apollo/escort s/friso <92,37141,UNIFLEX,1,11500,14950,14950,high,6ba3f1c0dea2e43c032d8f4042efdcd33c1331f61ee9adae6536f44ed842b46b,APM1-0051,borracha-apollo-escort-s-friso-92-apm1-0051,
1,52,Borracha e vedação,Pingadeira fiesta esquerda ford 02/14,38566,UNIFLEX,1,4500,5850,5850,high,d238702ca6c124c3de06e39bb6727a61ce451a2fec2e787cebfba41c25898ffe,APM1-0052,pingadeira-fiesta-esquerda-ford-02-14-apm1-0052,
1,53,Borracha e vedação,Pinga deira fiesta s/lado 02/10,38570,UNIFLEX,1,5000,6500,6500,high,93fe6a856d6257c785a96874dcdfdabcafbe7709e4515159048d45b5fc79b243,APM1-0053,pinga-deira-fiesta-s-lado-02-10-apm1-0053,
1,54,Borracha e vedação,Pingadeira Corcel II/Belina II/D. Rey/Pampa (c/aba) 77/91,38526,UNIFLEX,1,6500,8450,8450,high,9ef708d295b1941d4b0411edf7e9ff3683249874e16d15605541e1342472d5db,APM1-0054,pingadeira-corcel-ii-belina-ii-d-rey-pampa-c-aba-77-91-apm1-0054,
1,55,Borracha e vedação,Para brisa cam/Pick-up Chev./Veraneio (C10/ 14/ D10) Friso Plástico 64/84,37751,UNIFLEX,1,19000,24700,24700,high,1c259d255732801579f0b2f21740391c4b601291d79ca64d17b00abe68aebe35,APM1-0055,para-brisa-cam-pick-up-chev-veraneio-c10-14-d10-friso-plastico-64-84-apm1-0055,
1,56,Borracha e vedação,Guarnição vigia verane 10/Bonanza 88,100203,UNIÃO BORRACHA,1,4800,6240,6240,high,47b87436320fcbc9e6ab3440c1dfe17a854fe16d4aae823d7ae70fc262800d6e,APM1-0056,guarnicao-vigia-verane-10-bonanza-88-apm1-0056,
1,57,Borracha e vedação,Borracha porta malas alfa romeo 76/84 fiat 147 76/87,36004,UNIFLEX,1,6500,8450,8450,high,c5a62b6d8385c1fcf62c89fedc5c53591237455f17ce177457ba4dea3c453b84,APM1-0057,borracha-porta-malas-alfa-romeo-76-84-fiat-147-76-87-apm1-0057,
1,58,Borracha e vedação,Guarnição para brisa vectra <96,150500,UNIÃO BORRACHA,1,4500,5850,5850,high,b4e37ad9918e374ae113fa48ec55d2583d5d5ae3692fa24eee96c2c607afb98f,APM1-0058,guarnicao-para-brisa-vectra-96-apm1-0058,
1,59,Borracha e vedação,Borracha do vigia f1000 94/99,09258-9,JAHU,2,12000,15600,31200,high,c76bf2a2de11106f3b2a492f4f4c418c81acd20c9b3dc7a40bab162e21453b13,APM1-0059,borracha-do-vigia-f1000-94-99-apm1-0059,
1,60,Borracha e vedação,Borracha porta alta 1 berbo c/4 fiat elba 86/96,37017,UNIFLEX,1,6500,8450,8450,high,4e3378bebadd61196bb0dd3b61a7b8bab958a3efb31b0adc4a6cdde6511d486d,APM1-0060,borracha-porta-alta-1-berbo-c-4-fiat-elba-86-96-apm1-0060,
1,61,Borracha e vedação,Guarnição para brisa Pick up 64/84 s/Friso,02040-7,JAHU,2,10800,14040,28080,high,52063c38c20566a27611a55f38b9a9597ba4a1248a83894c9c32d0a87de48705,APM1-0061,guarnicao-para-brisa-pick-up-64-84-s-friso-apm1-0061,
1,62,Borracha e vedação,Borracha vigia monza 2/4P s/friso,8660301,CENTERPARTS,1,10000,13000,13000,high,f2759f0bf6f87c91cebe546af54b6f5f29bce9d55eda0b001b6ad3f2ba5d6725,APM1-0062,borracha-vigia-monza-2-4p-s-friso-apm1-0062,
1,63,Borracha e vedação,Para brisa cam/pick-up D-20 85/... S/friso,37754,UNIFLEX,1,16000,20800,20800,high,8c72cfcdcb71b8cb6f11eae0b96869cf572b1847a5ba032c4bc4442d4af9bae0,APM1-0063,para-brisa-cam-pick-up-d-20-85-s-friso-apm1-0063,
1,64,Borracha e vedação,Quebra vento brasilia <77 esquerdo,37466,UNIFLEX,1,10000,13000,13000,high,981e696c1a913fecdb2a3e6b97c722387fe20712572a5fd7054d82e8bebb64c4,APM1-0064,quebra-vento-brasilia-77-esquerdo-apm1-0064,
1,65,Borracha e vedação,Janela fixa kombi 57/97,37351,UNIFLEX,2,4500,5850,11700,high,604310501f6390475929d6166b39de475160f25f4df49324a43c1098298b9bb7,APM1-0065,janela-fixa-kombi-57-97-apm1-0065,
1,66,Borracha e vedação,Borracha janela mercedes dianteiro D/E,8720101,CENTERPARTS,2,5800,7540,15080,high,5e482446167e04e73505e373ac884200331546c7dca237be5c7bb10b23f75b39,APM1-0066,borracha-janela-mercedes-dianteiro-d-e-apm1-0066,
1,67,Borracha e vedação,Tampa malas kombi 98/09,37705,UNIFLEX,3,4500,5850,17550,high,f5b50f72499fd48f2b957f9466fc31f429ef9a2ec313b58c2f7aafe85fd855d6,APM1-0067,tampa-malas-kombi-98-09-apm1-0067,
1,68,Borracha e vedação,Borracha colar capo fusca 59/96 Dianteira colar,37697,UNIFLEX,3,4500,5850,17550,high,94fad462418af46cb468c7a97c355c56eebb5b29cbefe34831de68b91313a569,APM1-0068,borracha-colar-capo-fusca-59-96-dianteira-colar-apm1-0068,
1,69,Borracha e vedação,Quebra vento kombi chipper 75/... Direito,37465,UNIFLEX,1,4500,5850,5850,high,be0ebef10257c06b72955bf176861f6c77f01acec75e7ffe5f1299cee723405e,APM1-0069,quebra-vento-kombi-chipper-75-direito-apm1-0069,
1,70,Borracha e vedação,Guarnição tampa motor kombi 98/...,16181-0,JAHU,2,4500,5850,11700,high,ff9ece4410bb1abfbdf4a1c3834b8ad94696d16aa4662f6b55ffbc00f1dd1eff,APM1-0070,guarnicao-tampa-motor-kombi-98-apm1-0070,
1,71,Borracha e vedação,Janela movel santana 85/90 Direito,37331,UNIFLEX,1,17400,22620,22620,high,dda1b570a8a8adcc2d2439d6342b4206beca4e80bb560ed4b9071d46ee1e386f,APM1-0071,janela-movel-santana-85-90-direito-apm1-0071,
1,72,Borracha e vedação,Janela movel gol bola 95/...,37326,UNIFLEX,2,6000,7800,15600,high,3df5e1dcfeb03c2c794b7041f756f691b6dba5191977ce9c3b9bdeabe34011d1,APM1-0072,janela-movel-gol-bola-95-apm1-0072,
1,73,Borracha e vedação,Guarnição para brisa f1000/f11000,800240,UNIÃO BORRACHA,1,11000,14300,14300,high,f896f360a41a6cdd2a89c32372943b6b15612d402b315eafe88835406151f25e,APM1-0073,guarnicao-para-brisa-f1000-f11000-apm1-0073,
1,74,Borracha e vedação,JG borracha porta ford 92...,25071163,UNIÃO BORRACHA,1,4500,5850,5850,high,b77ec32d184e8519e9c2473758710f212a70334f1200f41767c92f0b902be400,APM1-0074,jg-borracha-porta-ford-92-apm1-0074,
1,75,Borracha e vedação,Borracha porta malas corcel 2 (c/ 3.52 mts) todos,38782,UNIFLEX,1,5800,7540,7540,high,3318de42deaf7a219e5c43fde7b15af4a153e6f76362236723fbf21c139a9124,APM1-0075,borracha-porta-malas-corcel-2-c-3-52-mts-todos-apm1-0075,
1,76,Borracha e vedação,jg canaleta Corsa 4 pts./ Hatch/ Sedan/ Wagon/Traseira (c/Pestana) <11,38080,UNIFLEX,1,18000,23400,23400,high,5d0eba778cf9a4800ec229481cb98873a0e2a9f50ed4385dee7586168fd2b783,APM1-0076,jg-canaleta-corsa-4-pts-hatch-sedan-wagon-traseira-c-pestana-11-apm1-0076,
1,77,Borracha e vedação,Borracha capo dianteiro VW Sedan Capô 59/96...,37696,UNIFLEX,1,4500,5850,5850,high,d84ac13c2a6734fe2e2922dc3a8129c3596201019764aacd4f5c7d5c9d709837,APM1-0077,borracha-capo-dianteiro-vw-sedan-capo-59-96-apm1-0077,
1,78,Borracha e vedação,Guarnição passat <83 fixa esquerdo,VED33505,TITAN PARTS,1,9200,11960,11960,high,17984e6e91745f8e10f6d8a0a8b3e82138a6b6a79bed8a29529a23acdeb7b2af,APM1-0078,guarnicao-passat-83-fixa-esquerdo-apm1-0078,
1,79,Borracha e vedação,Guarnição janela lateral Parati 96/... 2P fixa,VED34565,TITAN PARTS,1,9300,12090,12090,high,bd419511ac914f5d5587c7bdd4b5ebd192ee2b2baf21cbd87637b4c641341633,APM1-0079,guarnicao-janela-lateral-parati-96-2p-fixa-apm1-0079,
1,80,Borracha e vedação,para lama brasilia,20016-9,JAHU,1,4500,5850,5850,high,12eab56501d92cd10f1c447c95b0cf1dfacaa690b6fb5769dd76550fae4667a9,APM1-0080,para-lama-brasilia-apm1-0080,
1,81,Borracha e vedação,porta Kombi Carat Completa (mod.original) (Diant./Meio/Mala) 98>,37394,UNIFLEX,2,16000,20800,41600,high,2ecbe2ebcfdf25492a1eb863e72cb721d7ae8dd2e803f10fe06d31cb68425094,APM1-0081,porta-kombi-carat-completa-mod-original-diant-meio-mala-98-apm1-0081,
1,82,Borracha e vedação,Guarnição capo gol/voyage/saveiro,VED99529,TITAN PARTS,2,4500,5850,11700,high,31e87936da277903a782904e2032bd272483511f7acd0dadf0de488243b5c062,APM1-0082,guarnicao-capo-gol-voyage-saveiro-apm1-0082,
1,83,Borracha e vedação,Guarnição janela lateral fixa D/E 67/96,46322-7,JAHU,1,4500,5850,5850,high,6f3cbff4007f33b6c2f70d7e47e14640da263b35f8ce2e11c758726bba1d4709,APM1-0083,guarnicao-janela-lateral-fixa-d-e-67-96-apm1-0083,
1,84,Borracha e vedação,Borracha vidro bandeirante,648837,CENTERPARTS,1,4500,5850,5850,high,02d7c745d1eda9ea50c98001542b7442da98629dc7d0a85f40399ec9ac81a554,APM1-0084,borracha-vidro-bandeirante-apm1-0084,
1,85,Borracha e vedação,Guarnição porta lateral kombi 98,31792,BMA,1,8500,11050,11050,high,3697024839bd16fe5e46dea256d4d2049b398c4e25675850c9200b6047045e53,APM1-0085,guarnicao-porta-lateral-kombi-98-apm1-0085,
1,86,Borracha e vedação,LATERAL CONVENCIONAL ESCORT 2P LD/LE,006045-3,CHG,1,7000,9100,9100,high,a0cf4dabdaede0cd02f5bff7f452a1d1c39442e2f041cd25eb8deac421cfe3a1,APM1-0086,lateral-convencional-escort-2p-ld-le-apm1-0086,
1,87,Borracha e vedação,CANTONEIRA DIANTIRA CORCEL/BELINA,38619,UNIFLEX,1,3900,5070,5070,high,1e86c685680af465608b9bde548ff8e337122b6dafba70aeecc7aee4f1d32437,APM1-0087,cantoneira-diantira-corcel-belina-apm1-0087,
1,88,Borracha e vedação,CANTONEIRA DIANTEIRA CORSA HATCH/SEDAN/,38078,UNIFLEX,1,2800,3640,3640,high,84d81a4f043fe6b132e85c36f8d90447edd08d5459561c28bcd4b68c7b6c0591,APM1-0088,cantoneira-dianteira-corsa-hatch-sedan-apm1-0088,
2,89,Borracha e vedação,PESTANA INTERNA UNO/PREMIO/ELBA 2P LD,39171,UNIFLEX,2,1000,1300,2600,high,c6f39d82cc6eab0fe511f2647959aa175c6c8051bb77c8b786a9819934095379,APM1-0089,pestana-interna-uno-premio-elba-2p-ld-apm1-0089,
2,90,Borracha e vedação,PESTANA EXTERNA PALIO/SIENA/WEEK LD,39130,UNIFLEX,4,1900,2470,9880,high,1c5b3ce853844b75ce17f7f6db6bb80721601cb5c02d1eb447fd8c9ebc528d69,APM1-0090,pestana-externa-palio-siena-week-ld-apm1-0090,
2,91,Borracha e vedação,PESTANA INTERNA FIESTA 96/02 2P LD,VED24534,,1,2700,3510,3510,high,4c8dc75bd484ae00b5758094712da03f37a13408ca28a0f2b6998c9b0700ad02,APM1-0091,pestana-interna-fiesta-96-02-2p-ld-apm1-0091,
2,92,Borracha e vedação,PESTANA DIANTEIRA INTERNA UNO PREMIO/ELBA/PICK-UP LD,39173,UNIFLEX,1,1200,1560,1560,high,e74b2fdcb920f76ec2fbf31734a49605c27df24d6384c531566c1240d2b1e74e,APM1-0092,pestana-dianteira-interna-uno-premio-elba-pick-up-ld-apm1-0092,
2,93,Borracha e vedação,PESTANA INTERNA UNO/PREMIO/ELBA 2P LE,39120,UNIFLEX,1,5200,6760,6760,high,2fb836a4920813934313e007ebe551f00decd2b93d1202bf7b1cb7f53aa5036a,APM1-0093,pestana-interna-uno-premio-elba-2p-le-apm1-0093,
2,94,Borracha e vedação,JG CANALETA DIANTEIRA C/PRESTANA EXTERNA 4PC CELTA 4P,38113,UNIFLEX,1,7800,10140,10140,high,15ca07cd38276053b0d39828ee3bc46d0df660d85699f741aae693fcd5cb1106,APM1-0094,jg-canaleta-dianteira-c-prestana-externa-4pc-celta-4p-apm1-0094,
2,95,Borracha e vedação,PESTANA INTERNA PASSAT PORTAS LE,,VEDAUTO,1,2100,2730,2730,medium,10a0be69b0f6d343eae62615aa823e9bb8e9effb8c0566a3140af217be45c9fa,APM1-0095,pestana-interna-passat-portas-le-apm1-0095,missing_manufacturer_code
2,96,Borracha e vedação,PESTANA EXTERNA PORTA GOL/VOY/PAR 87 LD,1700155,UNIÃO BORRACHA,1,1300,1690,1690,high,aca32cff4c5c49fd22f22d01e4c4d7bd83d8606d11bce5c0bb7edb0d28f6dce6,APM1-0096,pestana-externa-porta-gol-voy-par-87-ld-apm1-0096,
2,97,Borracha e vedação,PINGADEIRA SAVEIRO BOLA (TODOS) LD,VED33558,TITAN PARTS,1,1500,1950,1950,high,5d81cc33c7011053672cd30db8d887a1ec3b48c4b76cd6c9a2271580f6326ec8,APM1-0097,pingadeira-saveiro-bola-todos-ld-apm1-0097,
2,98,Borracha e vedação,PINGADEIRA SAVEIRO BOLA (TODOS) LE,VED33557,TITAN PARTS,1,1500,1950,1950,high,a7f325205ee2297864ca7337e21c60b208f6cae195304b7ea6649c95395da225,APM1-0098,pingadeira-saveiro-bola-todos-le-apm1-0098,
2,99,Borracha e vedação,GUARNIÇÃO QUEBRA VENTO CORCEL 2 72 LD/LE,,UNIÃO BORRACHA,1,4500,5850,5850,medium,5a57b57d29ec42cc30adeabc4c9e525ca768b1309bab4b40085d8d66991b93b6,APM1-0099,guarnicao-quebra-vento-corcel-2-72-ld-le-apm1-0099,missing_manufacturer_code
2,100,Borracha e vedação,GUARNIÇÃO QUEBRA VENTO PASSAT TODOS LE,33515,VEDAUTO,1,4500,5850,5850,high,a9179ebdd621a6c9e5435807cfa0fd4983670248f4ae06a69821a2bb13ced910,APM1-0100,guarnicao-quebra-vento-passat-todos-le-apm1-0100,
2,101,Borracha e vedação,PESTANA CLIPPER INTERNA KOMBI 87/13 LD,37654,UNIFLEX,1,800,1040,1040,high,3254b8cf2c14d67e7d2a3b46662dee6ff91140425ec894d040398d3ed709252d,APM1-0101,pestana-clipper-interna-kombi-87-13-ld-apm1-0101,
2,102,Borracha e vedação,PESTANA TRASEIRA UNO/PREMIO/ELBA EXTERNA,39118,UNIFLEX,1,900,1170,1170,high,966236567e2a0abc73463873a41e1f87823466d8264942beac5b57a044aff63d,APM1-0102,pestana-traseira-uno-premio-elba-externa-apm1-0102,
2,103,Borracha e vedação,PESTANA INTERNA PORTAS ESCORT 93 LOGUS,700752,UNIÃO BORRACHA,2,1300,1690,3380,high,392abc66c7226b25fdf2485b4855351f95ebc649a5d03e30faea5e7134e4f844,APM1-0103,pestana-interna-portas-escort-93-logus-apm1-0103,
2,104,Borracha e vedação,PESTANA EXTERNA PORTA GOL/VOY/SAV 97/... LD,70202-0,JAHU,1,2200,2860,2860,high,1b45db6f76af02dd41eeb3cdbc433167f5cf306649573e5ad4196b473684ca5f,APM1-0104,pestana-externa-porta-gol-voy-sav-97-ld-apm1-0104,
2,105,Borracha e vedação,PINGADEIRA GOL G2 4P 98/99 LARGA LE,37185,UNIFLEX,2,4200,5460,10920,high,b5d4e427131ee09d5e3fb2681137c622fa024804ed0a0207d9f874d3bed08777,APM1-0105,pingadeira-gol-g2-4p-98-99-larga-le-apm1-0105,
2,106,Borracha e vedação,PINGADEIRA GOL G2 4P 98/99 LARGA LD,37186,UNIFLEX,2,4200,5460,10920,high,8c4f48bcbf4ee09ebc267477a7bcbdccbb6dd4721a51e7e016909f08ce22dce2,APM1-0106,pingadeira-gol-g2-4p-98-99-larga-ld-apm1-0106,
2,107,Borracha e vedação,PESTANA DIANTEIRA INTERNA UNO/PREMIO/ELBA/PICK-UP LE,39175,UNIFLEX,1,900,1170,1170,high,9706d24dc6111b90c841d0bbbd6c58a84ad361c1e27dca5bcd15d25ca974b97d,APM1-0107,pestana-dianteira-interna-uno-premio-elba-pick-up-le-apm1-0107,
2,108,Borracha e vedação,PINGADEIRA TETO GOL 08/...,76148-5,JAHU,2,6800,8840,17680,high,29a5ef866e385b20abe520423ff2fe6e5e9c5246a41949fc0b72a9b063a7e006,APM1-0108,pingadeira-teto-gol-08-apm1-0108,
2,109,Borracha e vedação,GUARNIÇÃO QUEBRA VENTO DELREY LD,09183-2,UNIÃO BORRACHA,3,4500,5850,17550,high,d45602975246db23bed48901fc3d57e767b31fc27b1f0079d27faf0848dd0587,APM1-0109,guarnicao-quebra-vento-delrey-ld-apm1-0109,
2,110,Borracha e vedação,GUARNIÇÃO QUEBRA VENDO DELREY LE,9182,UNIÃO BORRACHA,4,4500,5850,23400,high,9dedbd1116ac92589baffa7085e9d71788f2c20800982e812868ba90683a6fa1,APM1-0110,guarnicao-quebra-vendo-delrey-le-apm1-0110,
2,111,Borracha e vedação,GUARNIÇÃO QUEBRA VENTO PASSAT TODOS LD,33516,VED AUTO,1,4500,5850,5850,high,51945405068ad895096894e20fd77ffe6262690fb48dab746d3122298a883f3e,APM1-0111,guarnicao-quebra-vento-passat-todos-ld-apm1-0111,
2,112,Borracha e vedação,PESTANA EXTERNA PORTA FORD CAMINHÃO PICK-UP LE,800250,UNIÃO BORRACHA,1,4500,5850,5850,high,dd210567f1384c49cb3cea45c9918bc93999c11d3d59b5a45c96ea07cd147c2c,APM1-0112,pestana-externa-porta-ford-caminhao-pick-up-le-apm1-0112,
2,113,Borracha e vedação,FRISO DE TETO FIESTA 2004/... 4P LD,VED24506,TITAN PARTS,1,2000,2600,2600,high,537dbdc6f376a38029e850a0f913c96381bcadb60868de4dbcadb0ccea529592,APM1-0113,friso-de-teto-fiesta-2004-4p-ld-apm1-0113,
2,114,Borracha e vedação,PESTANA FIAT 147/PANO/FIOR EXTERNA LD RETO,VED50523,TITAN PARTS,2,2500,3250,6500,high,ca5e54b518beb2b5312d5e281bf5cc74ebfec860a8a6144ab2ca622d1cd8fbd3,APM1-0114,pestana-fiat-147-pano-fior-externa-ld-reto-apm1-0114,
2,115,Borracha e vedação,PESTANA INTERNA PORTA TOYOTA 85/... LE,2300083,UNIÃO BORRACHA,1,2100,2730,2730,high,a3f83d4bc5154a9e07ece1dc66904b217543685f06c911c0a8f250fd8af541b0,APM1-0115,pestana-interna-porta-toyota-85-le-apm1-0115,
2,116,Borracha e vedação,FRISO DE TETO FIESTA 4P LE,VED24507,TITAN PARTS,1,2400,3120,3120,high,cb7a45bcf4c6982012897506024e69b20521cf5edc994ec2deded8ebf8471e15,APM1-0116,friso-de-teto-fiesta-4p-le-apm1-0116,
2,117,Borracha e vedação,PESTANA INTERNA E EXTERNA PORTA FIAT 147,2000082,UNIÃO BORRACHA,1,2100,2730,2730,high,1434b7c10bdc4c11b0de9001efb7a051761b02647414c740936a7b27abe37002,APM1-0117,pestana-interna-e-externa-porta-fiat-147-apm1-0117,
2,118,Borracha e vedação,PESTANA EXTERNA PORTA BANDEIRANTE .../86 (PAR),VED60509,TITAN PARTS,1,3500,4550,4550,high,12425eae170ba5dfb8c657440ad237362dcc3e123077566b987b7db8986e7471,APM1-0118,pestana-externa-porta-bandeirante-86-par-apm1-0118,
2,119,Borracha e vedação,PESTANA INTERNA DAS PORTAS TOYOTA 85/... LD,2300084,UNIÃO BORRACHA,1,2100,2730,2730,high,43265d86ab6a4143ffac6418d348155e89990c35236f128a1cac8c5b222f265c,APM1-0119,pestana-interna-das-portas-toyota-85-ld-apm1-0119,
2,120,Borracha e vedação,PESTANA FIAT 147 SPA/EUR/PAN/FIO INTERNA LE,8865102,CENTERFLEX,1,2000,2600,2600,high,6810ec749ebbc409f3a81ef5a41c9af05177e413dca885ebf3d082da87cd6906,APM1-0120,pestana-fiat-147-spa-eur-pan-fio-interna-le-apm1-0120,
2,121,Borracha e vedação,PESTANA EXTERNA PORTA TOYOTA 85/... LD,2300082,UNIÃO BORRACHA,1,2100,2730,2730,high,f9319a2dd2812a5ef407e9366c18714f852f8e24c6a74a7cd4a471f908e5a304,APM1-0121,pestana-externa-porta-toyota-85-ld-apm1-0121,
2,122,Borracha e vedação,PESTANA INTERNA PORTA FORD CAINHÃO/PICK-UP 93 LD,800245,UNIÃO BORRACHA,1,2400,3120,3120,high,0d214a261af162074b4437eb0a5f03b6d42ecbf2167e81056c3f239708982434,APM1-0122,pestana-interna-porta-ford-cainhao-pick-up-93-ld-apm1-0122,
2,123,Borracha e vedação,FRISO UNIVERSAL,9181,UNIÃO BORRACHA,2,1300,1690,3380,high,bdcae3fb710dcd606074874f1dc2bcef644a89c388db1d5f6fbfa3d76068c1d8,APM1-0123,friso-universal-apm1-0123,
2,124,Borracha e vedação,PESTANA INTERNA GOL 94/... PARATI 95/... LE,1700328,UNIÃO BORRACHA,1,1800,2340,2340,high,aeaf689758d4a3adb26c71429cda41b9ccebf7eec6b7f4fa01e94ea606c74805,APM1-0124,pestana-interna-gol-94-parati-95-le-apm1-0124,
2,125,Borracha e vedação,PESTANA INTERNA GOL 94/... PARATI 95/... LD,1700329,UNIÃO BORRACHA,1,1800,2340,2340,high,8a0a3d292494d667f68e4008e169cace6ee37e0a6c897a8c3862ad5636893e45,APM1-0125,pestana-interna-gol-94-parati-95-ld-apm1-0125,
2,126,Borracha e vedação,FRISO A/C ASTRA 2P 93/...,CPO340403,CENTERPARTS,1,2400,3120,3120,high,a05a47949f2bc14bfc1587a364937595b806327306643ca3262112de89f6d97b,APM1-0126,friso-a-c-astra-2p-93-apm1-0126,
2,127,Borracha e vedação,FRISO LATERAL CORSA 98/... 4P (4PÇ),006696-5,CHG,1,3000,3900,3900,high,defcbb26002109e339af9d867067bf6c475e52b15860bf33fbc3259ebc7d4105,APM1-0127,friso-lateral-corsa-98-4p-4pc-apm1-0127,
2,128,Borracha e vedação,PESTANA F1000 CAMINHONETE 72/92 EXTERNA LE,VED22513,TITAN PARTS,1,4500,5850,5850,high,eefa0f2e15803c8547b468289a5180bbbf1db8771e6f91f81fdb72d3d2e6da8e,APM1-0128,pestana-f1000-caminhonete-72-92-externa-le-apm1-0128,
2,129,Borracha e vedação,PESTANA DIANTEIRA GOL/PARATI 4P SAVEIRO 98/...,850526,CENTERPARTS,1,2400,3120,3120,high,c46d4a55904acdcda7114340525f87e7772ab6336dffdceb29fcc92e0660d9de,APM1-0129,pestana-dianteira-gol-parati-4p-saveiro-98-apm1-0129,
2,130,Borracha e vedação,PESTANA EXTERNA PORTA BRASILIA LD,1500001,UNIÃO BORRACHA,1,2000,2600,2600,high,fd27b1f7c2da63f962c19e304c3ade76b55e6037c85f6e55ba131a7243b2e4f3,APM1-0130,pestana-externa-porta-brasilia-ld-apm1-0130,
2,131,Borracha e vedação,JG CANALETA PESTANAS FORD CAMINHÃO PICK-UP,800253,UNIÃO BORRACHA,1,10200,13260,13260,high,1784ea6af724cec29ba46ae54f15c02dffb0141a9354f84b3d726d3a469a0c06,APM1-0131,jg-canaleta-pestanas-ford-caminhao-pick-up-apm1-0131,
2,132,Calhas,Calha fox 04/20 spacefox 4P,22009,TG POLI,2,11000,14300,28600,high,35d134c1fd589fbe0979e7ee538f0f926fb30eaef79db3241a2b6a2022f6a7d5,APM1-0132,calha-fox-04-20-spacefox-4p-apm1-0132,
2,133,Calhas,CALHA peugeot 206/207,PG099,MARCON AUT.,1,11000,14300,14300,high,5137bed8ea5d109a39af8fdbdb618d5daa55d81e8d5b5c765f054eb555ddf7e5,APM1-0133,calha-peugeot-206-207-apm1-0133,
2,134,Calhas,CALHA S-10 12/26 CAB. DUPLA 4P,23023,TG POLI,1,11000,14300,14300,high,c493fcb01dfcd498cdd6ad33d3d04392769b4d2e0d03ba5202d184df684d6623,APM1-0134,calha-s-10-12-26-cab-dupla-4p-apm1-0134,
2,135,Calhas,CALHA SANTANA/QUANTUM 99/06 4P,22007,TG POLI,1,11000,14300,14300,high,8b15d317638ae311c4f515422dacd221aa3cf4aa2901c7a396b43a282784c9e0,APM1-0135,calha-santana-quantum-99-06-4p-apm1-0135,
2,136,Calhas,CALHA VIRTUS 18/26 4P,22020,TG POLI,1,11000,14300,14300,high,672b25d70b2f2075151aa6a72512e2b0f9d5d5d70b94db7ce211bfd100dd415e,APM1-0136,calha-virtus-18-26-4p-apm1-0136,
2,137,Calhas,CALHA FOX 2P 03/...,MA042,MARCON AUT.,1,11000,14300,14300,high,2e05f67584a1b1e176a218f0cc98b95516f664d38ad5d06a894b8f0a3687edd4,APM1-0137,calha-fox-2p-03-apm1-0137,
2,138,Calhas,CALHA FOX 04/14 2P,22008,TG POLI,2,11000,14300,28600,high,2b79deb8af62c3f41d73a4cf2e747815ceb37f83d3a625f3a33ee3b9cced5777,APM1-0138,calha-fox-04-14-2p-apm1-0138,
2,139,Calhas,CALHA GOL/VOY/PAR/SAV. GI 87/94 2P,22001,TG POLI,2,11000,14300,28600,high,936e528cf2ecb45335634fbf93a232877c42d2ba43f6bee5e0d7872639e1485e,APM1-0139,calha-gol-voy-par-sav-gi-87-94-2p-apm1-0139,
2,140,Calhas,"CALHA GOL/PARATI GII, GIII, G4 98/14 4P",22004,TG POLI,1,11000,14300,14300,high,2a068b41abb4312183497af167fb9b92525953d3e5067cb20820d7b902c40991,APM1-0140,calha-gol-parati-gii-giii-g4-98-14-4p-apm1-0140,
2,141,Calhas,CALHA SANTANA GL G4 2P TODO ANO,012-APR,NEBLINELGA,1,11000,14300,14300,high,2ca61e62e2a2faaf9440e1485a24d81320cbfad14f41ae64f1d73e3b1704b29e,APM1-0141,calha-santana-gl-g4-2p-todo-ano-apm1-0141,
2,142,Calhas,CALHA FORD F350/F4000,91315,F. CONFUERTO,1,11000,14300,14300,high,8a61e97b7925ba7a16c1f0c56c7958a83afbb37b737f636ec0e56448255977a9,APM1-0142,calha-ford-f350-f4000-apm1-0142,
2,143,Calhas,CALHA VW EM L FE,1113-02-01,F. CONFUERTO,1,11000,14300,14300,high,ae9836014eec81194b519c9c3055c021f04c96e793c9859af13041953ff591a8,APM1-0143,calha-vw-em-l-fe-apm1-0143,
2,144,Calhas,CALHA GOL/VYAGE/PARATI,380300,ECOFLEX,1,11000,14300,14300,high,9ce441293913b62e8f5ac37726011b18936f2451cbd8c4deeae95b54dd146049,APM1-0144,calha-gol-vyage-parati-apm1-0144,
2,145,Calhas,CALHA ONIX PLUS 19/26 4P,23035,TG POLI,1,11000,14300,14300,high,8097caf75fc0a3014c48d07d45cff920d79b65608e1be10e60b4e7633b76f691,APM1-0145,calha-onix-plus-19-26-4p-apm1-0145,
2,146,Calhas,CALHA 2014/ D20 MODERNA 2P,GM075-E,MARCON AUT.,1,11000,14300,14300,high,9850b3d3a97ed5c4e8c939c362beb58f613310cb49ee56512fcf6b4b39a2e125,APM1-0146,calha-2014-d20-moderna-2p-apm1-0146,
2,147,Calhas,CALHA SPIN 12/26 4P,23025,TG POLI,2,11000,14300,28600,high,9daad467653b59f12b49ae090c3dcdbd00a8fae7e5a40dc2506b94652e159fb0,APM1-0147,calha-spin-12-26-4p-apm1-0147,
2,148,Calhas,CALHA COBALT 12/19 4P,70012A/DF70012A,ECOFLEX,1,11000,14300,14300,high,73563128b95c6a38899ec35306dec0223af56ada61414cd1f5e3e07d3ed0e3d3,APM1-0148,calha-cobalt-12-19-4p-apm1-0148,
2,149,Calhas,CALHA DOBLO 01/21 2P,24015,TG POLI,2,11000,14300,28600,high,129b434b77b8205469bb522129856439c4830853250ab628fea7e2d6c8a4de9b,APM1-0149,calha-doblo-01-21-2p-apm1-0149,
2,150,Calhas,CALHA TEMPRA 4P,FI065-E/MA06E,MARCON AUT.,1,11000,14300,14300,high,e6c58737683279ec89595698fe8b5066dc3d6edb09ec41a44c50b9c8e7d06158,APM1-0150,calha-tempra-4p-apm1-0150,
2,151,Calhas,CALHA PALIO 12/... 4P NOVO,DF50002A,ECOFLEX,1,11000,14300,14300,high,1434d94570d9dfee38be850111017e75be4b1adfdcb8ba9454cc37ea57555e02,APM1-0151,calha-palio-12-4p-novo-apm1-0151,
2,152,Calhas,CALHA FIORINO FIRE 2013 4P,40007A,ECOFLEX,1,11000,14300,14300,high,13e98f78fab5db240ad4d6fde3118f35059f0391480506d0fa6ebcef8305dce6,APM1-0152,calha-fiorino-fire-2013-4p-apm1-0152,
2,153,Calhas,CALHA RANGER 131 4P,61003A,ECOFLEX,1,11000,14300,14300,high,00436f8f7d7f2084ae02a3adc51d35562f4a8d1098dc9fd04774bcfee77ccb06,APM1-0153,calha-ranger-131-4p-apm1-0153,
2,154,Calhas,CALHA ECOSPORT 2013/2015 4P,21016,TG POLI,1,11000,14300,14300,high,fb75ecf5051c8459c3b5f46537dc27e94293f8b5e9200fc5deef0bd0eaff1fc1,APM1-0154,calha-ecosport-2013-2015-4p-apm1-0154,
2,155,Calhas,CALHA ECOSPORT 2003/2012 4P,10004A,ECOFLEX,1,11000,14300,14300,high,745284be312b0c24456f66bb62357be80dbd2017181bd5d9459caee9aa4cec29,APM1-0155,calha-ecosport-2003-2012-4p-apm1-0155,
2,156,Calhas,CALHA FIESTA STREET 96/01 4P,10011A,ECOFLEX,1,11000,14300,14300,high,c0474347d43b5663105799131c1413f2e80b101e36250bcc522044c325fd1435,APM1-0156,calha-fiesta-street-96-01-4p-apm1-0156,
2,157,Calhas,CALHA MERCEDES BENZ SPRINTER/VAN/FURGÃO,043835-9,CHG,1,11000,14300,14300,high,7e9438acd9813eefd7c20e2362e31d0efc9c822c3e54b169d1e4806cbfcf0c21,APM1-0157,calha-mercedes-benz-sprinter-van-furgao-apm1-0157,
2,158,Calhas,CALHA COROLLA SEDAN 08/14 4P,27004,TG POLI,1,11000,14300,14300,high,8c5324eff03f969edcb045c325174be7a4528dc55150d2e10191ea48fa9ade62,APM1-0158,calha-corolla-sedan-08-14-4p-apm1-0158,
2,159,Calhas,CALHA HYUNDAI 05/14 2P,25002,TG POLI,1,11000,14300,14300,high,3d971e792243e28c4d2473dba7401653ace6c0a8e42640d024cad0437978148b,APM1-0159,calha-hyundai-05-14-2p-apm1-0159,
2,160,Calhas,CALHA L200 GL5,13003A,ECOFLEX,1,11000,14300,14300,high,03ddc9beaa3d2393f76108d6b151573cfffaf21a676d1253b50b7ff9aba67200,APM1-0160,calha-l200-gl5-apm1-0160,
2,161,Calhas,CALHA SCENIX 4P,RN078,MARCON AUT.,1,11000,14300,14300,high,3e69820f20cd1d75c625fe5625db92b6b07156c309b64be95f24b7260be3db5f,APM1-0161,calha-scenix-4p-apm1-0161,
2,162,Calhas,CALHA CLIO HATCH 04/15 2P,29003,TG POLI,1,11000,14300,14300,high,4cfdc5fc19a3be7dafbd02fd8be71f52aea47ed26e7c502325629ab5b0bd4dcc,APM1-0162,calha-clio-hatch-04-15-2p-apm1-0162,
2,163,Calhas,CALHA PRISMA 13/19 E ONIX 12/19 4P,23026,TG POLI,1,11000,14300,14300,high,1ab3b7f70133c1b8ee5ac4f6528d751188e45bb1c2c5ed73bffd625be4787410,APM1-0163,calha-prisma-13-19-e-onix-12-19-4p-apm1-0163,
2,164,Calhas,CALHA CORSA PICK UP 2P,40004A,TOP MIX,1,11000,14300,14300,high,67af9af0c4a74caf14f9f7baa95c96f832fb0689e56700b9208eac37a814b44e,APM1-0164,calha-corsa-pick-up-2p-apm1-0164,
2,165,Calhas,CALHA GOL (NOVO) 2P,40020A,TOP MIX,1,11000,14300,14300,high,9145e374bf565b65ca5adbb103074978d65f3709b1add7ffb070f78555635f0f,APM1-0165,calha-gol-novo-2p-apm1-0165,
2,166,Calhas,CALHA STILO 4P (FUME),FF063,MARCON AUTOMO,1,11000,14300,14300,high,a787144197aef66bb394a2d219873da117715f928df216551d3a559e0d0f1f37,APM1-0166,calha-stilo-4p-fume-apm1-0166,
2,167,Calhas,CALHA CEÇTA 2008 2P,40008A,TOP MIX,1,11000,14300,14300,high,18a3843b3528e8eeaad16af1d25841539c8f30923a0da18b90c6a2f6d9e4204b,APM1-0167,calha-cecta-2008-2p-apm1-0167,
2,168,Calhas,CALHA CORSA PICK-UP 2P FUME,GM013E,MARCON AUTOMO,1,11000,14300,14300,high,d85e269c2ffcedbd7a27caa551a921c9244d89bad8eeec29960c9c9630c09cc0,APM1-0168,calha-corsa-pick-up-2p-fume-apm1-0168,
2,169,Calhas,CALHA MONTANA FUME,DF4057,,1,11000,14300,14300,high,4abf1b61e892cf0dc4c6d00765680fd82b50dae4f985fb6938b6730240a1d2f8,APM1-0169,calha-montana-fume-apm1-0169,
2,170,Calhas,CALHA FOX 2P,40010A,TOP MIX,1,11000,14300,14300,high,59ded901e4050567eeea34c5c19b8de2083712d95cda1dd389103b9d99ed8ad9,APM1-0170,calha-fox-2p-apm1-0170,
2,171,Iluminação,FAROL S/ SUPORTE F1000 93/96 LE,VC7231,VIC LUCES,1,21000,27300,27300,high,4dc2d08dfbb6f510535c6ab3a30cb8d7def6da4d62d3d2fa775c9386ba589d9d,APM1-0171,farol-s-suporte-f1000-93-96-le-apm1-0171,
3,172,Iluminação,FAROL FOX 2004 LE,CA230022L/06678,BIBAS,1,17000,22100,22100,high,3d3d5705cc58163161269e1b9611e91451466b86fe2b40c9e4cc72730c72471a,APM1-0172,farol-fox-2004-le-apm1-0172,
3,173,Iluminação,LANTERNA TRASEIRA AGILE 2009 LE,416147,NEW / BILAS,1,15000,19500,19500,high,834cd343e5f6e82deffbf41fd6f505bf5dfcf87fcf607cc116317af17a2a60e0,APM1-0173,lanterna-traseira-agile-2009-le-apm1-0173,
3,174,Iluminação,FAROL KOMBI 78/86,,,1,9000,11700,11700,medium,25fb14bc762236b1959f261de7f9a87fea1c3a54b3a519ded2f98245de74cdbb,APM1-0174,farol-kombi-78-86-apm1-0174,missing_manufacturer_code
3,175,Iluminação,FAROL FOX 2006 (DUPLO) C/AUXILIAR LE,168837/BBS0728001L,BILAS,1,21000,27300,27300,high,12afa9599bea3cbf64c3450704c4495f4fb370412767c2bf0ac3c3eafb8884c4,APM1-0175,farol-fox-2006-duplo-c-auxiliar-le-apm1-0175,
3,176,Iluminação,FAROL SANTANA 87/90 C/ AUXILIAR LE,160047,RUFATO,1,30000,39000,39000,high,9e4516e43ae17e7d90ed7b0941321d82c26dc22bf965ee9360df959c7f38d238,APM1-0176,farol-santana-87-90-c-auxiliar-le-apm1-0176,
3,177,Iluminação,FAROL OPALA/CARAVAN 80/87 LD,FG51LD,ORGUS,1,23000,29900,29900,high,ee5aed64184b5c88b039165e76712ebc41188fde3c8f28776ae94ea4eae38c3d,APM1-0177,farol-opala-caravan-80-87-ld-apm1-0177,
3,178,Iluminação,FAROL DE MILHA FIAT UNO/ELBA 84,F07LE,ORGUS,1,7000,9100,9100,high,08066cb0df69b9ba10a5832520ddcfb5763c855809f46e4511c5acf826bed1fc,APM1-0178,farol-de-milha-fiat-uno-elba-84-apm1-0178,
3,179,Iluminação,LANTERNA TRASEIRA MONTANA 10/14 LE,20019,RUFATO RUFATO FO,1,10000,13000,13000,high,2ed40310fadb3af22dec2369db8c856304bdf81942068b3f964761cd38443751,APM1-0179,lanterna-traseira-montana-10-14-le-apm1-0179,
3,180,Iluminação,FAROL AUX. ASTRA 98/02 LD,19516,RUFATO,1,15500,20150,20150,high,8834cb28e4412418d4fa369ee7a8c8f7ed9efd7b3a5298608c319b0d8b618838,APM1-0180,farol-aux-astra-98-02-ld-apm1-0180,
3,181,Iluminação,FAROL AUX. ASTRA 98/02 LE,19517,RUFATO,1,15500,20150,20150,high,a4d77dc164c00e3fe14c91b9d776ed464a11170fa7169aa9133d47dc350dd151,APM1-0181,farol-aux-astra-98-02-le-apm1-0181,
3,182,Iluminação,LANTERNA GOL/SAV/PARA 95/99 LE,160181,ORGUS,1,4500,5850,5850,high,bf363b352bdaef2c118a1f8f8cbbc7c37f02d144ec3f0a89d3d55660ef2efba9,APM1-0182,lanterna-gol-sav-para-95-99-le-apm1-0182,
3,183,Iluminação,FAROL VOYAGE 81/86 LE,FV209,RUFATO,1,12500,16250,16250,high,1f09e1d653d10331686f24739b59f10372c6644c517af22263ce10b4b5b04010,APM1-0183,farol-voyage-81-86-le-apm1-0183,
3,184,Iluminação,FAROL AUX. LOGUS/POINTER 93 LE,FW23,RUFATO,1,8500,11050,11050,high,d9409f9db107f54821be49fe6b3d7fce58877498d9f250bda73871be5a78ae38,APM1-0184,farol-aux-logus-pointer-93-le-apm1-0184,
3,185,Iluminação,FAROL G4/FOX/POLO LE,RF105,RUFATO,1,5000,6500,6500,high,6cfb1f0df8a4749be8efc5801c60ff03307c5e33a9585ee00c95c6a18fa6ecd2,APM1-0185,farol-g4-fox-polo-le-apm1-0185,
3,186,Iluminação,FAROL AUX. HB20 12/... LE,20809,RUFATO,1,7500,9750,9750,high,4321c3ed1e62e369ec9706b017a809ca28f85de587fbbb00464998edbd4e8ee0,APM1-0186,farol-aux-hb20-12-le-apm1-0186,
3,187,Iluminação,FAROL AUX. HB20 12/... LD,20810,RUFATO,1,7500,9750,9750,high,3131a6717695a8451e8d429aa8a0fcbe9543e549de24e78022fed23d07494a81,APM1-0187,farol-aux-hb20-12-ld-apm1-0187,
3,188,Iluminação,FAROL AUX. GOL/VOY/PAR 95/99 LE,160187,RUFATO,1,8500,11050,11050,high,50ddf9fa244ae24891bd3ec7f6789d55762b519e1040bce03a68cf47385282b9,APM1-0188,farol-aux-gol-voy-par-95-99-le-apm1-0188,
3,189,Iluminação,FAROL ESCORT 93/96 LE,SJ228,RUFATO,1,14000,18200,18200,high,79ef0a717ce58b6d01ce2207eb29f1d99af2fdeb199445c8d1320cc3e5ceba6c,APM1-0189,farol-escort-93-96-le-apm1-0189,
3,190,Iluminação,FAROL VECTRA 06/...,19943,RUFATO,1,29000,37700,37700,high,92346c2731147a91fb07f3b4fcd4bd5177dd6cbf08da83ffd007fe19900262f0,APM1-0190,farol-vectra-06-apm1-0190,
3,191,Iluminação,FAROL AUX. C/MOLDURA CELTA 00/06 LD,25988/FGS027,RUFATO,1,9500,12350,12350,high,454e78c63740bc2aa21ae8abdcafd9ada6d502fb38275bbd9f01aeb82c94fba3,APM1-0191,farol-aux-c-moldura-celta-00-06-ld-apm1-0191,
3,192,Iluminação,FAROL CORSA CLASSIC 2010 PCS LD,16764,RUFATO,1,12000,15600,15600,high,1530a8316c0bcd4a29edcc3fdd313b01334806f238211e92c6cedab459a4b8a3,APM1-0192,farol-corsa-classic-2010-pcs-ld-apm1-0192,
3,193,Iluminação,FAROL CORSA CLASSIC 2010 LE,16763,RUFATO,1,12000,15600,15600,high,642dedecd0dd5d6a3bd4aba7db41f4521d1630c33995d8d456c75d45b83a7312,APM1-0193,farol-corsa-classic-2010-le-apm1-0193,
3,194,Iluminação,FAROL PALIO/SIENA G4 MOLD PRETO LD,FF461,ORGUS,1,28000,36400,36400,high,2b864286ed0e3bbbbf8e2f22b5a7d500bcfc518e0654aa8bcd375d03cdda2f67,APM1-0194,farol-palio-siena-g4-mold-preto-ld-apm1-0194,
3,195,Iluminação,FAROL FOX 04/10 CROSSFOX CROMADA LD,CHG041260-7/FW396,ORGUS,1,32000,41600,41600,high,e1aaee87031470a5aebfc40056b24bbc0b14140f6fba30929ff1a19ccfd8e99b,APM1-0195,farol-fox-04-10-crossfox-cromada-ld-apm1-0195,
3,196,Iluminação,LANTERNA TRAS. C/4 LENTES,J9005,JOLEMA,1,6000,7800,7800,high,4415e8bf45b541ad0ad1d7075675325ebb02fe1f796b757bf50d1ec9278ac09a,APM1-0196,lanterna-tras-c-4-lentes-apm1-0196,
3,197,Iluminação,FAROL AUX. PALIO/SIENA/UNO TODOS LD/LE,MSL09402,SHOCK LIGHT,2,4600,5980,11960,high,7aee0e046809bd88be9ed476e1446563a4f0f6661b9f6dac162c9b433d60e3f0,APM1-0197,farol-aux-palio-siena-uno-todos-ld-le-apm1-0197,
3,198,Iluminação,FAROL AUX. NOVO UNO WAY 2010/2017 (KIT),SL091310,SHOCK LIGHT,1,22000,28600,28600,high,933fe18a0b830eab219d38e854ad95ece9a148f3b0ba72c9620180c7149ca234,APM1-0198,farol-aux-novo-uno-way-2010-2017-kit-apm1-0198,
3,199,Iluminação,FAROL ESCORT 83/86 VALEO,700677-2,CIBIE,3,13800,17940,53820,high,8e2588acfe5844692cd23596bfb0ce3367f37ba651808b3a52e9ae7d860ae32d,APM1-0199,farol-escort-83-86-valeo-apm1-0199,
3,200,Iluminação,FAROL FOCO SIMPLES GOL 13/... G6 MASCARA NEGRA LD,23-81/20060,RUFATO,1,26600,34580,34580,high,006f51409b9ed60950743b6d3f7e32ddac19856a9dab2e607fac7c5fa014b283,APM1-0200,farol-foco-simples-gol-13-g6-mascara-negra-ld-apm1-0200,
3,201,Iluminação,LANTERNA TRASEIRA BICOLOR ASTRA SEDAN 03/... LD,1859,CENTERPARTS,1,12200,15860,15860,high,7eda74946b6bdb6aa70e95cdd9ee737a59548d4b3be653d4024787b969239bcd,APM1-0201,lanterna-traseira-bicolor-astra-sedan-03-ld-apm1-0201,
3,202,Iluminação,LANTERNA TRASEIRA CORSA 94/99 VERMELHA LE,045309-4,CHG,1,5200,6760,6760,high,abc96c768e352c845fcc8815153e76549b38bcbb0b1d8250b57b7aeed0d15b53,APM1-0202,lanterna-traseira-corsa-94-99-vermelha-le-apm1-0202,
3,203,Iluminação,FAROL PALIO/SIENA/STRADA C/ SOQUETE LD,FF48LD,ORGUS,2,20300,26390,52780,high,2d591e3989c659b6df2a1852f79c283891c268fd5a968ac765d866f83d5d5a45,APM1-0203,farol-palio-siena-strada-c-soquete-ld-apm1-0203,
3,204,Iluminação,FAROL PALIO /SIENA/STRADA,FF48LE,ORGUS,2,20300,26390,52780,high,0df0510c3ddb04872982027d05c5f7d6c1e863748e85d652616bf40cd3216871,APM1-0204,farol-palio-siena-strada-apm1-0204,
3,205,Iluminação,FAROL VW SEDAN / 3059,315-SL/231025,FORTLUZ,1,8900,11570,11570,high,09417eb82ff2a17ffed2a9ad11e73c3dc304fcfd1b3a193bca58bd935b83db4c,APM1-0205,farol-vw-sedan-3059-apm1-0205,
3,206,Iluminação,FAROL GOL/PAR/SAV C/PISCA 05/12 LE,FW452,ORGUS,2,26800,34840,69680,high,32329cff1d6e12b60f26e1839cdd497585f715d9774cad79d6c5b5b5e0edc49a,APM1-0206,farol-gol-par-sav-c-pisca-05-12-le-apm1-0206,
3,207,Iluminação,FAROL GOL 81/86 LD,FW85D,ORGUS,1,14600,18980,18980,high,b1e5fb3dc1f987bea6c4edde14a92ee6cb38f4bbfbb07e4f67901743493550fe,APM1-0207,farol-gol-81-86-ld-apm1-0207,
3,208,Iluminação,LANTERNA CORSA 94/99 2P TRASEIRA LD,RN2008,RUFATO,1,4500,5850,5850,high,ff4c58292571dd97f82c19d0b77a477767b160bd52cde303af7639777c75caf9,APM1-0208,lanterna-corsa-94-99-2p-traseira-ld-apm1-0208,
3,209,Iluminação,FAROL UNO/ FIORINO 04/12 S/L,231025/FL279,FORTLUZ,1,7600,9880,9880,high,0089b16453dc0a5329d7f3a734d4183ce0b6d307e752ba7a43dfd7dd61e0af75,APM1-0209,farol-uno-fiorino-04-12-s-l-apm1-0209,
3,210,Iluminação,FAROL FOCO SIMPLES GOL 13/... LE,20059/23-081,RUFATO,1,23200,30160,30160,high,87d7c54b0464476ac784c5b797fc315d9a2fedea62f81c7ecb705011ad07688d,APM1-0210,farol-foco-simples-gol-13-le-apm1-0210,
3,211,Iluminação,FAROL AUX CELTA 07/13 PRSIMA LD,17530/FGS1028-D,RUFATO,1,6100,7930,7930,high,5e9d5a5cfbe2b7452aa251f10cbc7dcbc6ef9341c430d97dfed3e38e30e999bd,APM1-0211,farol-aux-celta-07-13-prsima-ld-apm1-0211,
3,212,Iluminação,LANTERNA TRASEIRA CORSA 03/07 SEDAN BRANCA LE,16265/04-21-003,RUFATO,1,10100,13130,13130,high,f7d0d5ad241bf456cbd40982be433017a0dbe0022dee1dbd8bc23da1d819f6a4,APM1-0212,lanterna-traseira-corsa-03-07-sedan-branca-le-apm1-0212,
3,213,Iluminação,FAROL FOCO SIMPLES GOL 99/03 LE,19953/23-018,RUFATO,1,20800,27040,27040,high,e77eb161d4da32aede1ac95a469d7908aa28a4f8696ce8dcf33ec8fa29827086,APM1-0213,farol-foco-simples-gol-99-03-le-apm1-0213,
3,214,Iluminação,FAROL MERCEDES BENZ 709/912 LD,FM54LD,ORGUS,1,21000,27300,27300,high,c86c7a38b251e5e6cc0832d08b158b8a8761a376d99c0fdbaa04dade23390a24,APM1-0214,farol-mercedes-benz-709-912-ld-apm1-0214,
3,215,Iluminação,LENTE FAROL PALIO 04/11 LE,11491,RUFATO,2,4500,5850,11700,high,e73a79a70621bcd3aa9f1c02c3c11b3034d5caa0c450b601a7537cab2bff137d,APM1-0215,lente-farol-palio-04-11-le-apm1-0215,
3,216,Iluminação,LENTE FAROL CORSA 03/08 LD,19914,RUFATO,2,4500,5850,11700,high,c646ff2e738458f26795cac4108243414000975d788d2cf7f3bb8401757b9188,APM1-0216,lente-farol-corsa-03-08-ld-apm1-0216,
3,217,Iluminação,LENTE FAROL CORSA 03/08 LE,19915,RUFATO,2,4500,5850,11700,high,c6380773ea461452cc6c8361734813ad586c25b732a144cfe33245d3cf5667ee,APM1-0217,lente-farol-corsa-03-08-le-apm1-0217,
3,218,Iluminação,LENTE FAROL UNO 91/03 LE,SJ169,RUFATO,1,4500,5850,5850,high,a565048790ca410162db16c3ea2f66098159589e661e13e513e5db222652f2cb,APM1-0218,lente-farol-uno-91-03-le-apm1-0218,
3,219,Iluminação,MASCARA CROMADA GRADE FOX .../07,AUT1960,AUTECH,1,4500,5850,5850,high,c40d9c1267db7d1a8087ce565c289cf34095320a1a60e9e5948281fdda9daf62,APM1-0219,mascara-cromada-grade-fox-07-apm1-0219,
3,220,Iluminação,FAROL FOCO DUPLO CROMADO MASCARA NEGRA GOL 13/... LD,20468,RUFATO,1,22000,28600,28600,high,d4a5c6feb0d107c0af0404b6ce90d0e2743f001c8645e48afeed608418b9a90e,APM1-0220,farol-foco-duplo-cromado-mascara-negra-gol-13-ld-apm1-0220,
3,221,Iluminação,LANTERNA TRASEIRA KADETT 89/98 LD,31118.4,COFRAN,1,4500,5850,5850,high,cbedcacfe4824daa3aca5bcc440aa299d39b9a493c9e4ebd673c06fbcb2d42b8,APM1-0221,lanterna-traseira-kadett-89-98-ld-apm1-0221,
3,222,Iluminação,LANTERNA TRASEIRA MONZA 86/87 FUME LD,3106.9,COFRAN,1,4500,5850,5850,high,9900786564db09ac5959e6f3a9e805cae743799c3d5a715fed431cc9e7586f5a,APM1-0222,lanterna-traseira-monza-86-87-fume-ld-apm1-0222,
3,223,Iluminação,LANTERNA TRASEIRA MONZA 88/90 FUME LE,3109-9,COFRAN,1,4500,5850,5850,high,4fd6ff189b6f34827c96e338ce3200a08fe568b51dfca4701121dba89f442805,APM1-0223,lanterna-traseira-monza-88-90-fume-le-apm1-0223,
3,224,Iluminação,LANTERNA TRASEIRA MONZA 82/90 LE,3109.4,COFRAN,1,4500,5850,5850,high,45134b9a2076383490cc519d20efaaedd50401ad42d4b36295632aec2298111e,APM1-0224,lanterna-traseira-monza-82-90-le-apm1-0224,
3,225,Iluminação,FAROL AUXILIAR LOGUS 93 LD,FW-231,ORGUS,1,7900,10270,10270,high,8a5ca54949c10236b7602be3a3d234d7c0c31aa00c160e6c9f5c75b7f6893c49,APM1-0225,farol-auxiliar-logus-93-ld-apm1-0225,
3,226,Iluminação,FAROL SEDAN 73/75 FUSCA,FW-83,RUFATO,1,5200,6760,6760,high,93fbf7dbe9bfc7cc8cdd3a344781ee1ad8780c11bc0f9fbcc53b8a729a249efd,APM1-0226,farol-sedan-73-75-fusca-apm1-0226,
3,227,Iluminação,FAROL AUX PALIO 01/11 PUNTO 07/12,RF098,RUFATO,1,4500,5850,5850,high,c53cc87cae4e0669dec90fe2c89fae49e18045f58f6b573c6e47afe16eb79678,APM1-0227,farol-aux-palio-01-11-punto-07-12-apm1-0227,
3,228,Iluminação,FAROL GOL BOLA 95/99 LE,FL231,FORTLUZ,1,15800,20540,20540,high,e31782278fa3779cb54e767e7bb054eceaa192d1b66b99409a0ccbeb963fabe5,APM1-0228,farol-gol-bola-95-99-le-apm1-0228,
3,229,Iluminação,FAROL HALÓGENO VOLKS DELIVERY LE,FW149LD,ORGUS,2,16500,21450,42900,high,cbd3894f1d1f07f0dffa144192e80b27a204b7178c051cbf82b8f25cea3823f1,APM1-0229,farol-halogeno-volks-delivery-le-apm1-0229,
3,230,Iluminação,FAROL DE MILHA UNO/ELBA 84 LD,FF07L,ORGUS,1,6200,8060,8060,high,745cb3e0fa73db2730ecb8363c062ac8182fe0a57062cbc7589dd83ffe1d9875,APM1-0230,farol-de-milha-uno-elba-84-ld-apm1-0230,
3,231,Iluminação,FAROL AUXILIAR GOL G4 06/08 FOX 03/09 LD,MSL260202R,SHOCK LIGHT,1,4500,5850,5850,high,b38769826c0307db13f477c05dba4cd5aab79e4cc8fad79caa57322f9dd7dd20,APM1-0231,farol-auxiliar-gol-g4-06-08-fox-03-09-ld-apm1-0231,
3,232,Iluminação,FAROL AUXILIAR PALIO/SIENA G2/G3 01/14 IDEA LD/LE,600637-L1006,,1,5000,6500,6500,high,03f8dc0c15d1a3016b1d50ee990ecc53a4abbb08e74b476bf73ca65519f6db89,APM1-0232,farol-auxiliar-palio-siena-g2-g3-01-14-idea-ld-le-apm1-0232,
3,233,Iluminação,FAROL AUXILIAR GOL 99/03 G3 C/PROJETOR LD,16604,RUFATO,1,6200,8060,8060,high,7f4b494780b09b6539b55f8be3ed49d26a5702efe70e87c96ef606dcc89ff188,APM1-0233,farol-auxiliar-gol-99-03-g3-c-projetor-ld-apm1-0233,
3,234,Iluminação,FAROL 1622 CAN/TRUCK LD,FM-118LD,ORGUS,2,13500,17550,35100,high,bdab3fc2d8dc5c13ef450845eca7dfb5f49ae9332ded544d2f5937c76bc6243e,APM1-0234,farol-1622-can-truck-ld-apm1-0234,
3,235,Iluminação,FAROL H4 SANTANA 86/90 LE,160017-5160017,RUFATO,1,9500,12350,12350,high,2f61ec343729dae18c747212f2d53d20bb70c0fe9ac93d69c5220c294e836882,APM1-0235,farol-h4-santana-86-90-le-apm1-0235,
3,236,Iluminação,FAROL AUXILIAR C/PROJETOR GOL 99/03 G3 LE,16605,RUFATO,1,6600,8580,8580,high,8de4d74ec1d9f0843c5f50c5eabce85670580bd76c6b68582bd0ec4f2427e5ed,APM1-0236,farol-auxiliar-c-projetor-gol-99-03-g3-le-apm1-0236,
3,237,Iluminação,LANTERNA TRASEIRA CRISTAL MONTANA 10/14 LD,20020,RUFATO,1,6900,8970,8970,high,af569d3fc540f36496dc7cdf1121f5b99889052e8795cdb93cc447161d61ea66,APM1-0237,lanterna-traseira-cristal-montana-10-14-ld-apm1-0237,
3,238,Iluminação,FAROL PALIO 96/98 LE,VC7731,RUFATO,1,13400,17420,17420,high,d4ea874789414ae7bd3eeeabb4d32f3be3cdabcf69d69aad35be5b4d9c64f880,APM1-0238,farol-palio-96-98-le-apm1-0238,
3,239,Iluminação,LANTERNA TRASEIRA CRISTAL S10 01/09 LD,16836/30-029R,RUFATO,1,10900,14170,14170,high,a7e285390bc126eeb0c2886e739a1dbd79397d25169144427d63f7f97e5dcfd3,APM1-0239,lanterna-traseira-cristal-s10-01-09-ld-apm1-0239,
3,240,Iluminação,FAROL AUXILIAR GOL G6 2013 LE,39179,BIBAS,1,8600,11180,11180,high,7822bef994c45308273c040c61314e4bfa4d829894b34ab4805071e98259837e,APM1-0240,farol-auxiliar-gol-g6-2013-le-apm1-0240,
3,241,Iluminação,FAROL AUXILIAR SANTANA 91,FW-19,ORGUS,1,4500,5850,5850,high,ff5286fc84842305eb10c121013c503c327fa8c78a0ae35338edf224102439e3,APM1-0241,farol-auxiliar-santana-91-apm1-0241,
3,242,Iluminação,LENTE FAROL ESCORT 93/96 LD,SJ227,RUFATO,1,4500,5850,5850,high,632d4bbc304904ddf79635a19f5460049973bfe100c05390177981c9d362e68a,APM1-0242,lente-farol-escort-93-96-ld-apm1-0242,
3,243,Iluminação,FAROL VW SEDAN S/L,231025/315,FORTLUZ,1,8900,11570,11570,high,93af73af65024b2e1c057dbc6e684f71501bd622ab9b12e07515b7d94980e090,APM1-0243,farol-vw-sedan-s-l-apm1-0243,
3,244,Iluminação,FAROL GOL LE 16659,VW5041-X,MEIHAO,1,13900,18070,18070,high,2dfe56ed9510177c381b11de54076cabe92ef7b40f94d922086753afb16b0fcd,APM1-0244,farol-gol-le-16659-apm1-0244,
3,245,Iluminação,FAROL FOCO SIMPLES GOL 09/12 LE,16659,RUFATO,1,13900,18070,18070,high,d064f0771a4621c6307b258603bb8463ff60a4b8aa679c257d6867069c985d79,APM1-0245,farol-foco-simples-gol-09-12-le-apm1-0245,
3,246,Iluminação,LANTERNA TRASEIRA STRADA 14/... LD,23370,RUFATO,1,9800,12740,12740,high,1715f726756d54c6d04c53b5fbbb500d21bb3e18dba4f9f3e9260b209cb20882,APM1-0246,lanterna-traseira-strada-14-ld-apm1-0246,
3,247,Iluminação,LANTERNA TRASEIRA GOL 84/86 LE,3317.40,COFRAN,1,5900,7670,7670,high,c5307625e09d3542ae48034901d746d4eacc10d28c2a1b0b3e38d5ee56589e95,APM1-0247,lanterna-traseira-gol-84-86-le-apm1-0247,
3,248,Iluminação,LANTERNA TRASEIRA PALIO 01/03 VERMELHA LD,RF292,RUFATO,1,9300,12090,12090,high,21f6d5d5b80fa81afae3a7401cf2e7eecc56a97cc23341bd9cc4e2748aa3118d,APM1-0248,lanterna-traseira-palio-01-03-vermelha-ld-apm1-0248,
3,249,Iluminação,LANTERNA TRASEIRA PALIO WEEK 2008 LE CANTO,BB8160,BIBAS,1,7600,9880,9880,high,5f504c9f3333be290f4de98bdab62c05832154489a7d1046ef43948f717cd510,APM1-0249,lanterna-traseira-palio-week-2008-le-canto-apm1-0249,
3,250,Iluminação,LANTERNA TRASEIRA SIENA 04/07 LE,RF279,RUFATO,1,7200,9360,9360,high,4ea7d9038ece70a4b0667437ba27b35692b0f4c992b1b9696fb0f845fbdbb9d3,APM1-0250,lanterna-traseira-siena-04-07-le-apm1-0250,
3,251,Iluminação,LANTERNA TRASEIRA GOL 12/16 G6 VERMELHA LE,103911-5,CHG,1,7600,9880,9880,high,a4797abd9f3b50882d95b1a7a60e371278b453dc47527f4d1d2ad4b916de8400,APM1-0251,lanterna-traseira-gol-12-16-g6-vermelha-le-apm1-0251,
3,252,Iluminação,LANTERNA TRASEIRA VW GOL G6 12/... ACRILICA LD,062323-9,CHG,1,7600,9880,9880,high,c57de3ba897a3038f63defa62fac2aa1cc2945913daf598eb0897748ca6fd287,APM1-0252,lanterna-traseira-vw-gol-g6-12-acrilica-ld-apm1-0252,
3,253,Iluminação,LANTERNA TRASEIRA FIAT PICK-UP BICOLOR LE,038937-4,CHG,1,5200,6760,6760,high,be7ccb7dd6d546e8f972da551494b9e845f18da27fd3b57d1a901549bbf61a50,APM1-0253,lanterna-traseira-fiat-pick-up-bicolor-le-apm1-0253,
3,254,Iluminação,LANTERNA TRASEIRA SIENA 08/13 MALA LD,26192,RUFATO,1,6200,8060,8060,high,da97b30ac9b32920807406792a3cbaa036e9909c280841b9d2726dc01748fac5,APM1-0254,lanterna-traseira-siena-08-13-mala-ld-apm1-0254,
3,255,Iluminação,FAROL CORSA C/PISCA LE,FL911/22052,FORTLUZ,1,16200,21060,21060,high,88df7f6fc828e5b6b6254b98b055c23c333402b4431e415843e4be916d8eaa76,APM1-0255,farol-corsa-c-pisca-le-apm1-0255,
3,256,Iluminação,FAROL CORSA C/PISCA LD,FL910/050825,FORTLUZ,1,16200,21060,21060,high,5932008a96c9ae2862137e493e0338ce7ed3b64ebcaac86f4e17372563c853c7,APM1-0256,farol-corsa-c-pisca-ld-apm1-0256,
3,257,Iluminação,LANTERNA TRASEIRA F1000 93/98 LD,PD402D,RUFATO,1,13600,17680,17680,high,c45e1649cb7f0a436b8bc52e4ecc73f8f5b6e867be596ee09660c46e86650510,APM1-0257,lanterna-traseira-f1000-93-98-ld-apm1-0257,
3,258,Iluminação,LANTERNA TRASEIRA PALIO WEEK 97/00 LE,410303/252532,JCV,1,13300,17290,17290,high,f61471f66892a01f57965c353690c5446135a0b0379482271994a0709a1b737a,APM1-0258,lanterna-traseira-palio-week-97-00-le-apm1-0258,
3,259,Iluminação,LANTERNA TRASEIRA FORD KA 96/01 CRISTAL LD,16742,RUFATO,1,8800,11440,11440,high,bb0dc147399f5eae8d490b85feedc65b6c79d9c05d4eb26eaac47c3193e00a13,APM1-0259,lanterna-traseira-ford-ka-96-01-cristal-ld-apm1-0259,
3,260,Iluminação,LANTERNA TRASEIRA SIENA CANTO 04/12 LD,COF35385,COFRAN,1,7800,10140,10140,high,71dea984c3c6eb1063edc5efef12da84ba2f948891640e8e8512fd3a30bfa3f3,APM1-0260,lanterna-traseira-siena-canto-04-12-ld-apm1-0260,
3,261,Iluminação,LANTERNA TRASEIRA PALIO WEEK 08/... LD CANTO,BB81607003AR,BIBAS,1,8000,10400,10400,high,921e604f12a2d0cdca5f32f1da8772b4c9cc5ea74c597ee264cffa7f972fc374,APM1-0261,lanterna-traseira-palio-week-08-ld-canto-apm1-0261,
3,262,Iluminação,LANTERNA TRASEIRA GOL 99/03 G3 LE,3343.5,COFRAN,1,5100,6630,6630,high,5ff6a78b96066ff1b0914b4b2aa3f98b3b411db73a2afdc94adaea953c1eaf06,APM1-0262,lanterna-traseira-gol-99-03-g3-le-apm1-0262,
4,263,Iluminação,LENTE TRASEIRA UNO 85/... FUME LD,42,MIKRON CLASS,3,4900,6370,19110,high,bcd943a9baa8b634129c16e70b5fcd5e7477a9003d11d01c755bfc71b6cd932a,APM1-0263,lente-traseira-uno-85-fume-ld-apm1-0263,
4,264,Iluminação,LANTERNA DIANTEIRA GOL/VOY/PAR 87/90 LE,3327.30,COFRAN,1,4500,5850,5850,high,5c7aa8a4b41024b4641b3a2f21d0548421bddb55a4bce3a41b111ce20d62910d,APM1-0264,lanterna-dianteira-gol-voy-par-87-90-le-apm1-0264,
4,265,Iluminação,LANTERNA DIANTEIRA VECTRA 94/96 CRISTAL LE,94091/0182211,CENTERPARTS,1,4500,5850,5850,high,a3306e884f55da0ba01063c72968c775411e366dba5e4708a3a5c47d5b8f0960,APM1-0265,lanterna-dianteira-vectra-94-96-cristal-le-apm1-0265,
4,266,Iluminação,LANTERNA TRASEIRA ADAPTADOR 93/... FUME LE,93501,LANTERNAS HT,1,4500,5850,5850,high,cd13c16d68f6b8f2c03fe06cd966b1ec2ebd91561495829ec2fba58155f79b91,APM1-0266,lanterna-traseira-adaptador-93-fume-le-apm1-0266,
4,267,Iluminação,LANTERNA TRASEIRA TEMPRA 96/... ACRILICA BICOLOR LD,10006/042514-7,CHG,1,7400,9620,9620,high,b3682dcd3bc1e59df5aa7dd93723998eba9fc1fab36952460db1e80b7ce5617f,APM1-0267,lanterna-traseira-tempra-96-acrilica-bicolor-ld-apm1-0267,
4,268,Iluminação,LANTERNA TRASEIRA BORDA CROMADA VOYAGE 13/... LE,24475,RUFATO,1,7200,9360,9360,high,c07ea3e884825aa0386210ca6a82e7557beee5d7cc632d4cee24a013a01efd64,APM1-0268,lanterna-traseira-borda-cromada-voyage-13-le-apm1-0268,
4,269,Iluminação,LANTERNA TRASEIRA VOYAGE 13/... BORDA CROMADA LD,24474,RUFATO,1,8500,11050,11050,high,dda042a9c79f51607a913c64b7fd5aa569449cd8fd103ebf8e568ec340bf7197,APM1-0269,lanterna-traseira-voyage-13-borda-cromada-ld-apm1-0269,
4,270,Iluminação,LANTERNA TRASEIRA GOL 09/12 LE,RF315,RUFATO,2,7500,9750,19500,high,4326761589c16cf0aaf8f3d387f9612b755a02119944b163388726d7c968265d,APM1-0270,lanterna-traseira-gol-09-12-le-apm1-0270,
4,271,Iluminação,LANTERNA TRASEIRA GOL 09/12 LD,RF316,RUFATO,1,7500,9750,9750,high,ebcb2b987b0db48d909d43a8944ac13376e919e68a28775aa38e75e219072808,APM1-0271,lanterna-traseira-gol-09-12-ld-apm1-0271,
4,272,Iluminação,LANTERNA TRASEIRA GOL 13/... CRISTAL VALEO LE,20473,RUFATO,1,5800,7540,7540,high,a94a7dcb5ddf4a5a35ce4b4dc02cbb3d230578124badd13d3a467dfa88fc69a6,APM1-0272,lanterna-traseira-gol-13-cristal-valeo-le-apm1-0272,
4,273,Iluminação,LANTERNA TRASEIRA GOL 12/16 G6 VERMELHO FUME LD,103910/21454,CHG,1,8000,10400,10400,high,04f54e6854c8133cfbc17cd22a5fa8c687003cd989a8a4c06d2f77d96f0b6d90,APM1-0273,lanterna-traseira-gol-12-16-g6-vermelho-fume-ld-apm1-0273,
4,274,Iluminação,LANTERNA TRASEIRA GOL G4 06/11 LD,335050,COFRAN,1,7100,9230,9230,high,e442fa3a6accbe3e1e363b83dee6b6aaec47ffd875ffe07a149908758171de0a,APM1-0274,lanterna-traseira-gol-g4-06-11-ld-apm1-0274,
4,275,Iluminação,LANTERNA DIANTEIRA UNO 91/99 CIBIE LD,350830,COFRAN,1,4500,5850,5850,high,413d855017b72eb96c538af5685e5655d84f0c1d68caf783168347b54ae07a10,APM1-0275,lanterna-dianteira-uno-91-99-cibie-ld-apm1-0275,
4,276,Iluminação,LANTERNA TRASEIRA SAVEIRO 08/12 G5 LD,19938,RUFATO,1,6700,8710,8710,high,1e69898b949b28b8c07eb18fee7ca5fe5ac37c5a3e43ce0521a317037039b6ee,APM1-0276,lanterna-traseira-saveiro-08-12-g5-ld-apm1-0276,
4,277,Iluminação,LANTERNA TRASEIRA PAR/SAV 83/97 FUME LD,104432,JCV,1,4500,5850,5850,high,cc77a9e753bdd0e6fe5c3a503643275c9d80e2046907881bf8452d76fe86c955,APM1-0277,lanterna-traseira-par-sav-83-97-fume-ld-apm1-0277,
4,278,Iluminação,LANTERNA TRASEIRA PAR/SAV 87/95 FUME LD,3004/025370-0,CHG,1,4500,5850,5850,high,63b26b711cc0607d5c1346e7b75a0c84fe16ac3919cb8963f78b26f09e4e2232,APM1-0278,lanterna-traseira-par-sav-87-95-fume-ld-apm1-0278,
4,279,Iluminação,LANTERNA TRASEIRA PAR/SAV 83/97 LD,104412,JCV,1,4500,5850,5850,high,e1b38c29c38d4510d9d94e21d63af400818ddf6e218005e2bcad0e06a2093242,APM1-0279,lanterna-traseira-par-sav-83-97-ld-apm1-0279,
4,280,Iluminação,LANTERNA RTASEIRA PAR/SAV 83/97 LE,104532,JCV,1,4500,5850,5850,high,1be0e7e23845429076dc66ed62a17bf4d5d4bc0d7f3d9743feea916277349cad,APM1-0280,lanterna-rtaseira-par-sav-83-97-le-apm1-0280,
4,281,Iluminação,LANTERNA TRASEIRA PAR/ 06/10 G4 LE,22555,RUFATO,1,5600,7280,7280,high,22a1dc96148ac05aa1ea7e70a5bb5ad8a53be0ba5e8a53cde569eb344235a97f,APM1-0281,lanterna-traseira-par-06-10-g4-le-apm1-0281,
4,282,Iluminação,LANTERNA TRASEIRA SAV 97/03 LD,8306,BRUSY,1,4500,5850,5850,high,25197a8052307f7848a1fbe8445231e866e2851572d22d9f6de0c031568a324e,APM1-0282,lanterna-traseira-sav-97-03-ld-apm1-0282,
4,283,Iluminação,LANTERNA TRASEIRA VOYAGE 85/90 LD,LA3308,,1,4500,5850,5850,high,855b5fbabb742b92213a57acbf573d1f2d481c93136de40dd8fb80595cb7ec4e,APM1-0283,lanterna-traseira-voyage-85-90-ld-apm1-0283,
4,284,Iluminação,LANTERNA TRASEIRA GOLF 98/06 LD,3372.4,RUFATO,2,10000,13000,26000,high,1e7370a2afe4be05d79e6630fe94cb6cd176099c31cbf7131c4d328eceaf2171,APM1-0284,lanterna-traseira-golf-98-06-ld-apm1-0284,
4,285,Iluminação,LANTERNA TRASEIRA PAMPA 89/93 LE,AR1113,RUFATO,1,4500,5850,5850,high,5ddfcc7fb9ca60858be228fdf3dec3229f0ecfa2a46867aac51fde754e10fb94,APM1-0285,lanterna-traseira-pampa-89-93-le-apm1-0285,
4,286,Iluminação,LANTERNA TRASEIRA FIAT PAMPA 96/... BICOLOR LE,042513-8,CHG,1,4500,5850,5850,high,fc95a8e5deb8f5cf1c595c6973cbf18cce77d1ffac444c6798bcee747e4c6e1d,APM1-0286,lanterna-traseira-fiat-pampa-96-bicolor-le-apm1-0286,
4,287,Iluminação,LANTERNA TRASEIRA RETRO CRISTAL ONIX 13/16 LD,36026/12874,FITAM/CENTERPAR,1,18900,24570,24570,high,5b6a99569cc53891b9a3a9c5d90ddd699a39eaee67d711917315398cfc7389a5,APM1-0287,lanterna-traseira-retro-cristal-onix-13-16-ld-apm1-0287,
4,288,Iluminação,LANTERNA DIANTEIRA LOGUS/POINTER 92/96 CRISTAL LE,039507-6,CHG,1,1500,1950,1950,high,920c22d7dc5a4c72cdeca52baf151b997952b76e8333e2b2f72321a818da9d35,APM1-0288,lanterna-dianteira-logus-pointer-92-96-cristal-le-apm1-0288,
4,289,Iluminação,LANTERNA DIANTEIRA GOL/SAV/PAR 87/90 LD,44314,,1,1500,1950,1950,high,e42278098723609483804c7e5b438d59d32527a16badccbfe7cca1740fbc195d,APM1-0289,lanterna-dianteira-gol-sav-par-87-90-ld-apm1-0289,
4,290,Iluminação,LENTE TRASEIRA MB 87/... COM/SEM VIGIA,,,3,2500,3250,9750,medium,f12b282f426f60886925018780fe7941334cd7396d546c136f596192dc587246,APM1-0290,lente-traseira-mb-87-com-sem-vigia-apm1-0290,missing_manufacturer_code
4,291,Iluminação,LENTE TRASEIRA MERCEDES 88/...,,,2,1300,1690,3380,medium,db6d8165549d5d857e46b4c15fdaea2f25f4add0295420609464074423f4e01e,APM1-0291,lente-traseira-mercedes-88-apm1-0291,missing_manufacturer_code
4,292,Iluminação,LENTE LANTERNA TRASEIRA FORD CARGO 88/... C/VIGIA,APM01105,,2,1300,1690,3380,high,97abf93ace5c643499e8801cb6432967b66463e1d22a7e397e4ad5717c49fee7,APM1-0292,lente-lanterna-traseira-ford-cargo-88-c-vigia-apm1-0292,
4,293,Iluminação,LENTE TRASEIRA S/VIGIA FORD CARGO .../87 LD,,,1,1800,2340,2340,medium,39838a340a2059f00ebb1e76388ea25dfc67bf9f2b17fde9cdb8536733565360,APM1-0293,lente-traseira-s-vigia-ford-cargo-87-ld-apm1-0293,missing_manufacturer_code
4,294,Iluminação,LENTE TRASEIRA SEM VIGIA FORD CARGO .../87 LD,APM00315,,4,1800,2340,9360,high,05b17b3ac05b9de767f3733e19194f79b6948613942c4845de6a49dbd19d647f,APM1-0294,lente-traseira-sem-vigia-ford-cargo-87-ld-apm1-0294,
4,295,Iluminação,LENTE TRASEIRA COM VIGIA FORD CARGO .../87 LE,APM00315,,4,1800,2340,9360,high,f0613da816d99a8ecaa7e361801f16e1209cc0ef67e415afb4fe8570d9615b19,APM1-0295,lente-traseira-com-vigia-ford-cargo-87-le-apm1-0295,
4,296,Iluminação,LANTERNA TRASEIRA VW VARIANT LE,,,1,3500,4550,4550,medium,f5f14dfafd6028ee8cff11bbe8ab75c6ee0406742ee65ab48b41445b1f3019f2,APM1-0296,lanterna-traseira-vw-variant-le-apm1-0296,missing_manufacturer_code
4,297,Iluminação,FAROL PISCA GOL 91/96 LE,,,1,2200,2860,2860,medium,adc7e78b0324d575ca77850268252dc959993f9cba54033a7792b208e3e105ed,APM1-0297,farol-pisca-gol-91-96-le-apm1-0297,missing_manufacturer_code
4,298,Iluminação,FAROL PISCA ARTB LE,,,1,1500,1950,1950,medium,49626746fcf7c0a6aaec85aedbd9dd333aafc4df08c82ee316d2416d29d50d1f,APM1-0298,farol-pisca-artb-le-apm1-0298,missing_manufacturer_code
4,299,Iluminação,LANTERNA LD PITBULL AMARELA,,,1,1500,1950,1950,medium,fc5b5acb8dfa7de332d68892691f5285e6e4bdf77fd687a4896bafdd9506ab82,APM1-0299,lanterna-ld-pitbull-amarela-apm1-0299,missing_manufacturer_code
4,300,Iluminação,LENTE FAROL SANTANA 85/90 LD,,,1,1500,1950,1950,medium,441d2050837626bfb5c39fb27caabf8bf44bc39fbfa05773164ce0028109c60c,APM1-0300,lente-farol-santana-85-90-ld-apm1-0300,missing_manufacturer_code
4,301,Iluminação,LANTERNA TRASEIRA FIAT 147 77/84 LE,,,1,4500,5850,5850,medium,54203e8574228b928605bd6bc0d00633d3daec3e3ad15bcb33a330af6a99268c,APM1-0301,lanterna-traseira-fiat-147-77-84-le-apm1-0301,missing_manufacturer_code
4,302,Iluminação,LANTERNA TRASEIRA ETIOS SEDAN 13/17 LE,,,1,8000,10400,10400,medium,b8cf90e345a5029dad9a4a7fd135191ed4af5bfd10353f7337910dde7838c6ae,APM1-0302,lanterna-traseira-etios-sedan-13-17-le-apm1-0302,missing_manufacturer_code
4,303,Iluminação,LANTERNA TRASEIRA BELINA 73/77 LD,,,5,3200,4160,20800,medium,05f5d89ae8e8c59f382d672293a2a2a7261e671af3d9e946cba2136e8f7639bf,APM1-0303,lanterna-traseira-belina-73-77-ld-apm1-0303,missing_manufacturer_code
4,304,Iluminação,LENTE LANTERNA CRISTAL,,,2,1500,1950,3900,medium,5b46c575f503a9de8ed1d012612fe457b28a47749c797d801d2a2c5b8b65a701,APM1-0304,lente-lanterna-cristal-apm1-0304,missing_manufacturer_code
4,305,Iluminação,LANTERNA TRASEIRA CELTA 06/13 LD,,,1,3600,4680,4680,medium,644e2e2dc6505835754e08fef92977d8bf91d52572f892e11259733a96d0cc63,APM1-0305,lanterna-traseira-celta-06-13-ld-apm1-0305,missing_manufacturer_code
4,306,Iluminação,LANTERNA TRASEIRA HILUX 12/... LD,,,1,7500,9750,9750,medium,0ff6e8251e3a8ed75df85d4acc210ba36b3c7423b5ce38cb3b3c3d4258352f08,APM1-0306,lanterna-traseira-hilux-12-ld-apm1-0306,missing_manufacturer_code
4,307,Iluminação,LANTERNA TRASEIRA PASSAT LE,,,1,6800,8840,8840,medium,aed2a984a02fa6862b69a29aa5de7d845febb1a92dda753d0b31b2e721ff5d86,APM1-0307,lanterna-traseira-passat-le-apm1-0307,missing_manufacturer_code
4,308,Iluminação,FAROL CROMADO FOX 04/10 LD,,,1,22000,28600,28600,medium,8e77e1c5e304d7a76e2ad1ca3e2fb4e3be0d72422e257210ac6c7e7a426fee6b,APM1-0308,farol-cromado-fox-04-10-ld-apm1-0308,missing_manufacturer_code
4,309,Iluminação,FAROL MASCARA CROMADA SIENA 2004/... LE,,,1,22000,28600,28600,medium,a13e255501754c7ff3596523215b3db526374e2250833aa39f30e7294c214f1d,APM1-0309,farol-mascara-cromada-siena-2004-le-apm1-0309,missing_manufacturer_code
4,310,Iluminação,FAROL TRASEIRO FUSCA TRES CORES,,,1,2800,3640,3640,medium,95fc79012f18518aeceea5316df04f9e9973f6d2ed637f8f2b567b97e8680a9c,APM1-0310,farol-traseiro-fusca-tres-cores-apm1-0310,missing_manufacturer_code
4,311,Iluminação,FAROL MILHA GOL PAR/SAV LD,,,1,8000,10400,10400,medium,eddd10b30f8961aeaa7f0f5bfcee4a6c6c18e4977f29301addd2adaa380bccb9,APM1-0311,farol-milha-gol-par-sav-ld-apm1-0311,missing_manufacturer_code
4,312,Iluminação,LANTERNA TRASEIRA GOL 87/94 LE,,JCV,1,5200,6760,6760,medium,af7944fb1a3119359f443ff359feaaff88e2c8ffda5f698f9b5ef74d6030fd65,APM1-0312,lanterna-traseira-gol-87-94-le-apm1-0312,missing_manufacturer_code
4,313,Iluminação,LENTE TRASEIRA UNO 85/... AMBAR LE,41,MIKRON,1,1500,1950,1950,high,1238c93e1faa5cc99283594eced27abeded4043f57ea7d6b3f4fa3ef69723e08,APM1-0313,lente-traseira-uno-85-ambar-le-apm1-0313,
4,314,Iluminação,LENTE ADAPTADOR LANTERNA SIENA/FREIO,LE2202,,1,1500,1950,1950,high,3207069f9d790d6164b82b048385700784905911028c717687de4aca93f93792,APM1-0314,lente-adaptador-lanterna-siena-freio-apm1-0314,
4,315,Iluminação,LENTE LANTERNA CAMINHÃO PV (VERMELHA),J304,,6,1500,1950,11700,high,7ba943d4eddee27e5de56dc68f05e2d831b6c835d0cb27e660df4574ca79b8c1,APM1-0315,lente-lanterna-caminhao-pv-vermelha-apm1-0315,
4,316,Iluminação,LENTE LATERAL CAMINHÃO (LARANJA),J809,,3,1500,1950,5850,high,4034188651f1a001e0bc8426261b8cc726e364d5718d3bd66b5ebd9cc3a01ea7,APM1-0316,lente-lateral-caminhao-laranja-apm1-0316,
4,317,Iluminação,LANTERNA DE TETO EXTERNA CAMINHÃO VW AMBER,J3002,JOLEMA,1,1500,1950,1950,high,f28f3f294e58fafb240bc07ad189e112e1a6a506191c985e08f65dc3b2c3fb70,APM1-0317,lanterna-de-teto-externa-caminhao-vw-amber-apm1-0317,
4,318,Iluminação,LANTERNA TRASEIRA JEEP/PICK-UP 83/89,1405,TITAN PARTS,1,6800,8840,8840,high,7709ed9c02a07d301cc457369b8079fd93eeb5d195523d86cfbd48d656889ad6,APM1-0318,lanterna-traseira-jeep-pick-up-83-89-apm1-0318,
4,319,Iluminação,LENTE LANTERNA TRASEIRA JEEP/PICK-UP 83/89,,,6,1500,1950,11700,medium,e616e1988ae230e830aa7671e6487c6e15b3385a87cf1bb16edfd1a2c5c8a208,APM1-0319,lente-lanterna-traseira-jeep-pick-up-83-89-apm1-0319,missing_manufacturer_code
4,320,Iluminação,LANTERNA TRASEIRA FORD 65/87 S/VIGIA,J2000,JOLEMA,3,2800,3640,10920,high,ed60a6580d8da2a8e225ac3a5a683c2c1b307eb6f36f8e00993aeec7da50b97c,APM1-0320,lanterna-traseira-ford-65-87-s-vigia-apm1-0320,
4,321,Iluminação,LANTERNA SINALEIRA P/ADAPTADOR 2 LENTE,LA3205,,1,1500,1950,1950,high,3cc69f045c602c1c7257d2bf3fa6db7d89add720b22d5941795fd89bc488de23,APM1-0321,lanterna-sinaleira-p-adaptador-2-lente-apm1-0321,
4,322,Iluminação,LANTERNA DIANTEIRA F1000 83/97 CRISTAL LD,202242,JCV,1,6800,8840,8840,high,50a3b57c1490cd329b860288ac9efe45b14963bdcfcf9ea1891ec5da3093920c,APM1-0322,lanterna-dianteira-f1000-83-97-cristal-ld-apm1-0322,
4,323,Iluminação,LENTE LANTERNA DIANTEIRA PISCA CAMINHÃO (AMARELA),,,1,1500,1950,1950,medium,f5b2ea2e9904b6a40d90999694ec8da5bb7c7dcbfbed1d980e73e6bbe78d10f5,APM1-0323,lente-lanterna-dianteira-pisca-caminhao-amarela-apm1-0323,missing_manufacturer_code
4,324,Iluminação,LANTERNA DIANTEIRA GOL /SAV 91/94 ESPORTIVA LE,,,1,1800,2340,2340,medium,35424d24c55306847c2e1993a44110e82b86cb3c8e73f7c2aa452b7bca318a81,APM1-0324,lanterna-dianteira-gol-sav-91-94-esportiva-le-apm1-0324,missing_manufacturer_code
4,325,Iluminação,LENTE TRASEIRA F1000 75/79 PAMPA 71/86 COM LUZ RÉ,41944,NEW KAR,2,1500,1950,3900,high,6305f5f131613a927ee68f809761b6f3eaaa7e807b4979e818d360f8a2c543ea,APM1-0325,lente-traseira-f1000-75-79-pampa-71-86-com-luz-re-apm1-0325,
4,326,Iluminação,LANTERNA DE PLACA KOMBI CLIPPER 98/...,L5274,LS,1,1000,1300,1300,high,99a390db8b9fa308d08e539b261f2991a48d2eae0e9d9647ffd7bc5cf5582825,APM1-0326,lanterna-de-placa-kombi-clipper-98-apm1-0326,
4,327,Iluminação,LANTERNA TRASEIRA BRASILIA 78/82 LD,LE2175,,1,3600,4680,4680,high,1811f296056a36c509c485bb336c7582dceba6fe2256991e9622539a706723d6,APM1-0327,lanterna-traseira-brasilia-78-82-ld-apm1-0327,
4,328,Iluminação,LANTERNA DIANTEIRA GOL/VOY/PAR 82/86 LD,104042,JCV,1,1500,1950,1950,high,744228cc9c66b2c8f2e7308349bc814b287a6f70914d001e0ceaa5d8880537f4,APM1-0328,lanterna-dianteira-gol-voy-par-82-86-ld-apm1-0328,
4,329,Iluminação,LANTERNA DIANTEIRA GOL/VOY/PAR 82/86 LE,104142,JCV,1,1500,1950,1950,high,7b918f6b8ef5bb8f6d73bf106f482037971aa9f7874dabbdf88ab9adae166af5,APM1-0329,lanterna-dianteira-gol-voy-par-82-86-le-apm1-0329,
4,330,Iluminação,LENTE PISCA LANTERNA FIAT 147 LD,,,1,1500,1950,1950,medium,eb249e49c61f55036f076fc17862dec20a4e0333e37a36648aa4fcb9972b1e3f,APM1-0330,lente-pisca-lanterna-fiat-147-ld-apm1-0330,missing_manufacturer_code
4,331,Iluminação,LENTE PISCA LANTERNA FIAT 147 LE,,,3,1500,1950,5850,medium,6d5cbaafb15113b75aee54699fcc3f9ce28821705565f27e6e9a7d4b68ff88cb,APM1-0331,lente-pisca-lanterna-fiat-147-le-apm1-0331,missing_manufacturer_code
4,332,Iluminação,LENTE DIANTEIRA VW 1200/1300/1500,100212,JCV,1,1500,1950,1950,high,5dcc360b1333d4def4b55f49dfe5f7d557a5500d458445c86b749dad4c59ab52,APM1-0332,lente-dianteira-vw-1200-1300-1500-apm1-0332,
4,333,Iluminação,CAPA PARA LANTERNA FUSCA,,,6,800,1040,6240,medium,1b125bcbadd14c78c25b37b93931d0e3aa81041446b4200de47052f5e5549f87,APM1-0333,capa-para-lanterna-fusca-apm1-0333,missing_manufacturer_code
4,334,Iluminação,CAPA PISCA VW 70/76 CROMADO (2 PÇ),PH3007,PH PLASTICO,2,800,1040,2080,high,f4a5f8ca188d3913d5e283ae8de7ce3e913b2f2c1f132993481031afc51ebe8e,APM1-0334,capa-pisca-vw-70-76-cromado-2-pc-apm1-0334,
4,335,Iluminação,SOQUETE SINALEIRA VW 70/96,L51111R,TITAN PARTS,4,800,1040,4160,high,10c257a6b012283e64465ba5c5239b2f66c456f9dcbbeede40feae9bf01eed91,APM1-0335,soquete-sinaleira-vw-70-96-apm1-0335,
4,336,Iluminação,LENTE DIANTEIRA OPALA 88/92 LE,,JCV,1,1500,1950,1950,medium,93993e0453dd1e4e4f69187726741fcb00bfde3bdfc248bc5db7288fc872b9c2,APM1-0336,lente-dianteira-opala-88-92-le-apm1-0336,missing_manufacturer_code
4,337,Iluminação,LANTERNA SANTANA TRASEIRA 98,,,1,5000,6500,6500,medium,570e0db37c4d9ef232f063d47d0c63c30ff0fa461efb8d314c3153c926ce75d7,APM1-0337,lanterna-santana-traseira-98-apm1-0337,missing_manufacturer_code
4,338,Iluminação,REFLETIVO LATERAL MERCEDES BENS,PL14270021,,2,1000,1300,2600,high,153a16a7e55b6fdb2b52f9516d67cc75228541df29050ded4772922044aa28be,APM1-0338,refletivo-lateral-mercedes-bens-apm1-0338,
4,339,Iluminação,LANTERNA DIANTEIRA DELREY/CORCELL/BELINA 83/91 LE,201342,JCV,1,2400,3120,3120,high,f65fa5b16d2bc65d27e58ccfccc95db92ec43a7a7b5677be59bb327f0b3b9aac,APM1-0339,lanterna-dianteira-delrey-corcell-belina-83-91-le-apm1-0339,
4,340,Iluminação,LANTERNA DIANTEIRA F1000 93/97 CRISTAL LE,049611-3,CHG,1,4000,5200,5200,high,3760f76fbd55b63951f3b4a279df7083e64b3cbd9267728cd3b43679caa3114e,APM1-0340,lanterna-dianteira-f1000-93-97-cristal-le-apm1-0340,
4,341,Iluminação,LANTERNA LATERAL ESCORT 98/99,025322-3,CHG,1,2000,2600,2600,high,37132d3988b5f0b20e1a4a8ec8a568c8f3cb4dbd3529d3b112c8e91aa7450776,APM1-0341,lanterna-lateral-escort-98-99-apm1-0341,
4,342,Iluminação,LANTERNA DIANTEIRA CORCEL/BELINA/PAMPA 85/91 LD,048052-7,CHG,2,2000,2600,5200,high,4fd63aea2ab9208e3e49854150a6fdab77d15c269c9c05d9bf0294ab25fb7b5b,APM1-0342,lanterna-dianteira-corcel-belina-pampa-85-91-ld-apm1-0342,
4,343,Iluminação,LANTERNA TRASEIRA HILLUX 89/98 LD,,,1,5000,6500,6500,medium,fc0f536e2448fbb70b92217fc40d66263561e14fd33993a631d689d992191410,APM1-0343,lanterna-traseira-hillux-89-98-ld-apm1-0343,missing_manufacturer_code
4,344,Iluminação,LANTERNA TRASEIRA TOYOTA BANDEIRANTE S/VIGIA,,,1,3500,4550,4550,medium,988376c4dac0f26c2ec759056c64c5bedf02bb9fb2ef9e25a8f6ea28f2b13f1d,APM1-0344,lanterna-traseira-toyota-bandeirante-s-vigia-apm1-0344,missing_manufacturer_code
4,345,Iluminação,CIRCUITO SOQUETE TRASEIRO BANDEIRANTE,,,1,2000,2600,2600,medium,3e7eeb5c1c35f9d7f7c454efb9fb222cc658b988ba85696aaf8219a76252001f,APM1-0345,circuito-soquete-traseiro-bandeirante-apm1-0345,missing_manufacturer_code
4,346,Iluminação,LENTE LANTERNA FORD CARGO (VERMELHO),,,22,1000,1300,28600,medium,5f7f70dc65f2a4fc7af97ee59b56f0dcdbe77a0b368229425988258137d73bae,APM1-0346,lente-lanterna-ford-cargo-vermelho-apm1-0346,missing_manufacturer_code
4,347,Iluminação,LENTE LANTERNA FORD CARGO (AMARELO),,,3,1000,1300,3900,medium,dcf543b07f0dd0939d6163e6a887543dbf1e2d3a50b356e332b13772a5338ee9,APM1-0347,lente-lanterna-ford-cargo-amarelo-apm1-0347,missing_manufacturer_code
4,348,Iluminação,LANTERNA DIANTEIRO MERCEDES NOVO CARGO (AMARELO),J0001,JOLEMA,7,2000,2600,18200,high,cbc8623ddfbf40603ad1d6ce25dfb413904dd7f7ce0dc0faab2518725b472d9c,APM1-0348,lanterna-dianteiro-mercedes-novo-cargo-amarelo-apm1-0348,
4,349,Iluminação,PISCA CORCEL 78/84 LE,,,1,2000,2600,2600,medium,41c8527dc5c0267ea42ea8dea2b07198ca14ddce053b99612f47af2095043df7,APM1-0349,pisca-corcel-78-84-le-apm1-0349,missing_manufacturer_code
4,350,Iluminação,LANTERNA DIANTERIA CHEVETTE 83 LE,8093,HT LANTERNA,1,1300,1690,1690,high,0c57336dd53a59024a57182749efbd3129a66d8a103cb39ccb3ab604663dc378,APM1-0350,lanterna-dianteria-chevette-83-le-apm1-0350,
4,351,Iluminação,LANTERNA PLACA SIENA/PALIO FIRE,DC60055,DSC,2,1300,1690,3380,high,30463e2e81cde71fa20bf57771ee804711b52f79e0ad90d81dd856bf9aaf06d2,APM1-0351,lanterna-placa-siena-palio-fire-apm1-0351,
4,352,Iluminação,LANTERNA TETO CORSA/VECTRA/ASTRA/MONTANA,011753-9,CHG,1,1800,2340,2340,high,d8c6e69d8e24147703edb72f568284ba0324df98dfb1b880ae96a0654e6c4550,APM1-0352,lanterna-teto-corsa-vectra-astra-montana-apm1-0352,
4,353,Iluminação,LANTERNA PLACA GOL 09/VOY G5 08/.. C/SOQUETE,060856-9,DSC,1,1300,1690,1690,high,325ea95bd80e3bd68b70529d3d84d5cecb17ef43b498e98b6d00c1f86a4107a9,APM1-0353,lanterna-placa-gol-09-voy-g5-08-c-soquete-apm1-0353,
5,354,Iluminação,LANTERNA DIANTEIRA SETA CHEVETTE 83/93 LE,,,1,1500,1950,1950,medium,3fb6c50cf5738eb8d35f209d72cb91f8216fc0fa1f43566431a33fd572f8b726,APM1-0354,lanterna-dianteira-seta-chevette-83-93-le-apm1-0354,missing_manufacturer_code
5,355,Iluminação,LENTE SETA LATERAL ÔNIBUS,,,12,1000,1300,15600,medium,3946ba909b4be8a55ae1325039a14e1bc0119e014e746f5869f6275f6e8e78b6,APM1-0355,lente-seta-lateral-onibus-apm1-0355,missing_manufacturer_code
5,356,Iluminação,REFLETOR P/CHOQUE TRASEIRO CORSA HATCH 2003 LE,4,MIKRON,2,1500,1950,3900,high,7bd377ae0fab915c39f49eebe8f77d09212e663873bce82c723d272edb5fde90,APM1-0356,refletor-p-choque-traseiro-corsa-hatch-2003-le-apm1-0356,
5,357,Iluminação,LANTERNA DE PLACA PALIO 96/...,,DSC,1,1300,1690,1690,medium,f6d63912f727e78712d89289d4614178a4254932308a2b1a93fc9dcb75e95f9e,APM1-0357,lanterna-de-placa-palio-96-apm1-0357,missing_manufacturer_code
5,358,Iluminação,LANTERNA TETO CAMINHÃO CARGO CRISTAL,,,2,800,1040,2080,medium,2b9da01c4e79e6452f5a166162d59fc4d7e88da2cc73ccb5c1a95940f646f2e7,APM1-0358,lanterna-teto-caminhao-cargo-cristal-apm1-0358,missing_manufacturer_code
5,359,Iluminação,LANTERNA TRASEIRA VERMELHA ÔNIBUS,,,2,2500,3250,6500,medium,93a934491ea34c4b8fbc49e183c4a88ed17e4339ab22929216c744db2e902e84,APM1-0359,lanterna-traseira-vermelha-onibus-apm1-0359,missing_manufacturer_code
5,360,Iluminação,LENTE PISCA GM ANTIGO,LE2101,,23,1500,1950,44850,high,15f9cda7a3881747df4bc8c7726662c0e8ba7bdcd36abe162fcb9758236d5aff,APM1-0360,lente-pisca-gm-antigo-apm1-0360,
5,361,Iluminação,LENTE SETA FORD .../92 (AMARELA),,,17,1500,1950,33150,medium,e9c06d164d8fffcb81bc62e73eec8ae6c98a673fcc5e2075ed4b0f7212b11bb2,APM1-0361,lente-seta-ford-92-amarela-apm1-0361,missing_manufacturer_code
5,362,Iluminação,LENTE LANTERNA REBOQUE CARRETINHA (AMARELA),10301,,3,1000,1300,3900,high,76c5fa716752a392c0822f93ed57710a87001d7bd6fb9985f07594140b0d07c1,APM1-0362,lente-lanterna-reboque-carretinha-amarela-apm1-0362,
5,363,Iluminação,LANTERNA DIANTEIRA ADAP. MONZA 91/... CRISTAL LE,88083,HT LANTERNA,1,1800,2340,2340,high,07118899cd48a2d524675377d59ce875d6d02c33da2fd3ae45c346597a007dbf,APM1-0363,lanterna-dianteira-adap-monza-91-cristal-le-apm1-0363,
5,364,Iluminação,PISCA ADAP. OPALA/CARAVAN 80/87 CRISTAL LE,88059,HT LANTERNA,1,1800,2340,2340,high,98c67c6e36cb922c09a68b5892bd4f18e1001aa30facceac736ef7c641529340,APM1-0364,pisca-adap-opala-caravan-80-87-cristal-le-apm1-0364,
5,365,Iluminação,LENTE LANTERNA PALIOTO (VERDE),,,6,900,1170,7020,medium,9cca864f469a6e95f2577f7d11c47b8cfc49cc425c0aed4beccbb5f1ba524693,APM1-0365,lente-lanterna-palioto-verde-apm1-0365,missing_manufacturer_code
5,366,Iluminação,LENTE LANTERNA PALIOTO (VERMELHO),,,10,900,1170,11700,medium,f4858d5c6191addfeaadbc06587523294a520de4c7088629603078b03cba5c43,APM1-0366,lente-lanterna-palioto-vermelho-apm1-0366,missing_manufacturer_code
5,367,Iluminação,LENTE LANTERNA PALITO (AZUL),,,6,900,1170,7020,medium,4f33573942c106a690296e9bf2628f41d9ba405e74b301c81e104681ecd9ebba,APM1-0367,lente-lanterna-palito-azul-apm1-0367,missing_manufacturer_code
5,368,Iluminação,LENTE LANTERNA PALIOTO (AMARELO),,,11,900,1170,12870,medium,0307e96b49f74359914e14f7cbbfaae1a0391a34820c13fb776cab60db0e5c73,APM1-0368,lente-lanterna-palioto-amarelo-apm1-0368,missing_manufacturer_code
5,369,Iluminação,LENTE LANTERNA PALIOTO (CRISTAL),,,1,900,1170,1170,medium,09869d6e14bb5b7e80f6bd0f67a760f1f9be3d82a765bb95118e18880f22ad4f,APM1-0369,lente-lanterna-palioto-cristal-apm1-0369,missing_manufacturer_code
5,370,Iluminação,LENTE PISCA PUDIM (VERMELHA),,,5,900,1170,5850,medium,f429b8874d858b40d3e10cdf13a6deea8ba9c9c243d419bfb427eabf66d50472,APM1-0370,lente-pisca-pudim-vermelha-apm1-0370,missing_manufacturer_code
5,371,Iluminação,LENTE PISCA PUDIM (AMARELO),,,6,900,1170,7020,medium,8afb75d780143eb504e61d760aeb58193a256073ad6b95cb16931c2c126f54d6,APM1-0371,lente-pisca-pudim-amarelo-apm1-0371,missing_manufacturer_code
5,372,Iluminação,LENTE PISCA PUDIM (CRISTAL),,,6,900,1170,7020,medium,f79f90b67011549c30316ff9632e555974bb978c7a975d6010b41c5d1d9fb0e9,APM1-0372,lente-pisca-pudim-cristal-apm1-0372,missing_manufacturer_code
5,373,Iluminação,LENTE LANTERNA FORD TRASEIRO F1000,,,1,1000,1300,1300,medium,d94c2a255fedc453c5d6f7f06cad6868bbd5a5af3f6d421d41b86292c2e09a52,APM1-0373,lente-lanterna-ford-traseiro-f1000-apm1-0373,missing_manufacturer_code
5,374,Iluminação,LENTE LATERAL CRISTAL,,,4,1000,1300,5200,medium,928d11ed6d10ccbb6dbeb2da89044ec8644cc598370cc015689405c2ad3025ca,APM1-0374,lente-lateral-cristal-apm1-0374,missing_manufacturer_code
5,375,Iluminação,PISCA DIANTEIRO FUSCA 70 CRISTAL,133/8,,1,800,1040,1040,high,fd56ca6ec7cfe4d356a8177ce990e7b03fa76cf638a6bd9d9b66af1c04bf2711,APM1-0375,pisca-dianteiro-fusca-70-cristal-apm1-0375,
5,376,Iluminação,LANTERNA FRONTAL CAMINHÃO VW CRISTAL,J3003,,2,3800,4940,9880,high,3964fed77e4c9d2ea7311650ed53c1b4cf5642a7adcff96d4e8a95787bd64810,APM1-0376,lanterna-frontal-caminhao-vw-cristal-apm1-0376,
5,377,Iluminação,LENTE LATERAL (AMARELO),,,15,900,1170,17550,medium,a86f2aa192eba1fbf34d172aad230c751eb99f04755094c45b6d3f1e3ac95875,APM1-0377,lente-lateral-amarelo-apm1-0377,missing_manufacturer_code
5,378,Iluminação,LENTE LATERAL (VERMELHO),,,15,900,1170,17550,medium,cd7ba8dc350c4d4524a0418b3f7acb31f5e9b93cbae4997f2193a7befbba300f,APM1-0378,lente-lateral-vermelho-apm1-0378,missing_manufacturer_code
5,379,Iluminação,LANTERNA LATERAL DELIMITADORA,,,1,800,1040,1040,medium,e7b1d4186b65051308a5c192876bf54f553c2075d66fea140377c04492866d24,APM1-0379,lanterna-lateral-delimitadora-apm1-0379,missing_manufacturer_code
5,380,Iluminação,LANTERNA REDONDA UNIVERSAL TRASEIRA 10 LEDS BIVOLT,J10060P,JOLEMA,1,1300,1690,1690,high,91aa57e6c681afdd53dbc7e9d06e77726fbaf16bcc0294e707b870602e983942,APM1-0380,lanterna-redonda-universal-traseira-10-leds-bivolt-apm1-0380,
5,381,Iluminação,LENTE LANTERNA SETA PISCA CAMINHÃO VW (CRISTAL),,,4,1500,1950,7800,medium,3fd4ec151732c88330ecbf38e109bda0c4a885afe882324f52a923c1626f9070,APM1-0381,lente-lanterna-seta-pisca-caminhao-vw-cristal-apm1-0381,missing_manufacturer_code
5,382,Iluminação,LENTE LANTERNA TRASEIRA VARIANT 69/72 LD,,,1,1500,1950,1950,medium,32f172abb58b6f0dffa416051d5bfcc0a4071c279fd6ca1650be62651a03ef10,APM1-0382,lente-lanterna-traseira-variant-69-72-ld-apm1-0382,missing_manufacturer_code
5,383,Iluminação,LENTE LANTERNA TRASEIRA VARIANT 69/72 LE,,,1,1500,1950,1950,medium,191d1aa530e3a87fda009fa2c9732c770bd93523b81084d13e5680ae2dc807d4,APM1-0383,lente-lanterna-traseira-variant-69-72-le-apm1-0383,missing_manufacturer_code
5,384,Iluminação,LENTE DIANTEIRA MONZA 83/87 LD,,,1,1500,1950,1950,medium,d99a59efacc5beaf7adc34dbd6e5b0b076db264305aa25d83e5f8cf880d7f6fb,APM1-0384,lente-dianteira-monza-83-87-ld-apm1-0384,missing_manufacturer_code
5,385,Iluminação,LANTERNA TRASEIRA VERMELHA CAMINHÃO,,,1,1300,1690,1690,medium,1df627857fb040719b104983409f871f95d7e1d38a958669b2f9149a04e3405c,APM1-0385,lanterna-traseira-vermelha-caminhao-apm1-0385,missing_manufacturer_code
5,386,Iluminação,LANTERNA DIANTEIRA MONZA 82/97 LD AMBAR,154012,JCV,2,1000,1300,2600,high,5452d16680ff46929cf9e39ecc1f0dfedd9913c5158fee3ff0179cd5fa3af6a7,APM1-0386,lanterna-dianteira-monza-82-97-ld-ambar-apm1-0386,
5,387,Iluminação,LENTE ALANTERNA MERCEDES BENZ CARGO,,,2,1500,1950,3900,medium,54c79ef7c81ea81e039494bd22289a163f9a761c06cbbcf7310ef1ca60205859,APM1-0387,lente-alanterna-mercedes-benz-cargo-apm1-0387,missing_manufacturer_code
5,388,Iluminação,LENTE LANTERNA LATERAL FORD CARGO (CRISTAL),219472,F. CONFUORTO,4,1500,1950,7800,high,260979de3135bc9a05f0fdb6cb7b52abcd74d3162620c88915a3e833fde27038,APM1-0388,lente-lanterna-lateral-ford-cargo-cristal-apm1-0388,
5,389,Iluminação,PISCA AMBAR SETA DELREY/BELINA/CORCEL 88 LD,,,1,1800,2340,2340,medium,25f5248791ea101570af0a303b74c6e79fbf49fed8e4a55f249d528e3f583ba3,APM1-0389,pisca-ambar-seta-delrey-belina-corcel-88-ld-apm1-0389,missing_manufacturer_code
5,390,Iluminação,LENTE DIANTEIRA CHEVROLET REGUA (CRISTAL),,,5,1500,1950,9750,medium,4811e4ac02e7471fb8fb74f20efcf561472b32c4a2442c5f9064af522eed254e,APM1-0390,lente-dianteira-chevrolet-regua-cristal-apm1-0390,missing_manufacturer_code
5,391,Iluminação,LENTE DIANTEIRA CHEVROLET REGUA (AMARELA),,,5,1500,1950,9750,medium,4f93d075f1ce78e1cb9a03ee61003ef3a53a6ef8a67f8be80d480c402abcca37,APM1-0391,lente-dianteira-chevrolet-regua-amarela-apm1-0391,missing_manufacturer_code
5,392,Iluminação,LENTE LANTERNA TRASEIRA CAMINHÃO SCANIA,,,3,1500,1950,5850,medium,2c989ae184870c17f3c359a7003b63cbc6142d19db87eaf974c4338ea07474ba,APM1-0392,lente-lanterna-traseira-caminhao-scania-apm1-0392,missing_manufacturer_code
5,393,Iluminação,LANTERNA PRADOLUX SETA 1714 C/CHATA LD,183775,F. CONFUORTO,2,2500,3250,6500,high,1d9216a846c6dc39214c031f5e7185b92a7bece149cd67cf8167aad16b23c0ef,APM1-0393,lanterna-pradolux-seta-1714-c-chata-ld-apm1-0393,
5,394,Iluminação,LANTERNA LUZ DE RÉ FUSCA/BRASILIA/VARIANT,,,1,3800,4940,4940,medium,962b2cb3cec2d00613a2b1e3212746bfe669b486f5b9cf3a85d2767ee7e8da37,APM1-0394,lanterna-luz-de-re-fusca-brasilia-variant-apm1-0394,missing_manufacturer_code
5,395,Iluminação,LENTE LANTERNA LATERAL BAÚ/CARROCERIA (AMRALEA),,,4,1500,1950,7800,medium,7ea1a32d25565bb9898f745b6a09d166aad10b574a1771d348ee03b724b5509e,APM1-0395,lente-lanterna-lateral-bau-carroceria-amralea-apm1-0395,missing_manufacturer_code
5,396,Iluminação,LENTE LATERAL CAMINHÃO /ÔNIBUIS (VERMELHO),,,10,1500,1950,19500,medium,503ace8825928d549b171d28b4fe01571f67684293e0cb1b71f809fb57c92beb,APM1-0396,lente-lateral-caminhao-onibuis-vermelho-apm1-0396,missing_manufacturer_code
5,397,Iluminação,LANTERNA CORTESIA PORTA MONZA 85/89 KADDET 89/...,,,1,1000,1300,1300,medium,5c6bf2cb31303c78a3ce0a45c837e6c70148e997a37005e4a2dc7f312c99455d,APM1-0397,lanterna-cortesia-porta-monza-85-89-kaddet-89-apm1-0397,missing_manufacturer_code
5,398,Iluminação,PISCA SETA KADETT CRISTAL LD,,,1,2500,3250,3250,medium,8226021a74f42250fb78b90a004d5a6f57c6a6c1ff09a599ed8c58c60b65d34b,APM1-0398,pisca-seta-kadett-cristal-ld-apm1-0398,missing_manufacturer_code
5,399,Iluminação,LANTERNA TRASEIRA PICK-UP GM C-10,,PRADO,2,3500,4550,9100,medium,a669097d17bfc1dd6715d215da83523dac770b2a0b4c4a1ccc42b5737572b3f0,APM1-0399,lanterna-traseira-pick-up-gm-c-10-apm1-0399,missing_manufacturer_code
5,400,Iluminação,LENTE LATERAL CAMINHÃO/ÔNIBUS CRISTAL,,,4,1500,1950,7800,medium,b185aa46aef78af717078f0dd8c0cb7ef2a90ce0a5c0562f2201ffd929bd45e9,APM1-0400,lente-lateral-caminhao-onibus-cristal-apm1-0400,missing_manufacturer_code
5,401,Iluminação,LENTE LANTERNA UNIVERSAL REDONDA ANTIGA (AMARELA),,,20,900,1170,23400,medium,7a04f4a1c9cd83b690bfaf8ddaa672a4113b889deb72a3940ddf6aa7525a6382,APM1-0401,lente-lanterna-universal-redonda-antiga-amarela-apm1-0401,missing_manufacturer_code
5,402,Iluminação,LANTERNA DELIMITADORA MERCEDES CABINE (2 PÇ),,,2,3500,4550,9100,medium,7252ffc6fce0eaa2023b46972c039a31c7a3528416563ba010d95688b35c7d04,APM1-0402,lanterna-delimitadora-mercedes-cabine-2-pc-apm1-0402,missing_manufacturer_code
5,403,Iluminação,LANTERNA PISCA DIANTEIRA MERCEDES BENZ LD,,,1,3600,4680,4680,medium,13d45469ebb7d891eb24e0aa57c51ef5e03a754031c6ebbb1f192284e933e806,APM1-0403,lanterna-pisca-dianteira-mercedes-benz-ld-apm1-0403,missing_manufacturer_code
5,404,Iluminação,LANTERNA PLACA MONZA/KADDET 89/94,,,2,1300,1690,3380,medium,d7aec4403507510447e4ce9795e27f4cc201a73bbd22d5580a71bda0156ee205,APM1-0404,lanterna-placa-monza-kaddet-89-94-apm1-0404,missing_manufacturer_code
5,405,Iluminação,LANTERNA P/CHOQUE NW FIESTA 2013 LE,134231-6,DSC,1,2900,3770,3770,high,05dcfb7f0c2f4f0e3a5b7849815c18d224140b6cf81d8eafabb2d319ffe0ee51,APM1-0405,lanterna-p-choque-nw-fiesta-2013-le-apm1-0405,
5,406,Iluminação,LANTERNA ESTIBO CARRETA (CRISTAL),,,1,1800,2340,2340,medium,913ae11fb7c2c255b966329dc725da09ecf2d661bda563a40058770f52933158,APM1-0406,lanterna-estibo-carreta-cristal-apm1-0406,missing_manufacturer_code
5,407,Iluminação,LANTERNA DE LEITURA OPALA/MONZA 85/.. KADETT 89/... (CINZA),DP7233,D'PAULA,1,1800,2340,2340,high,be0efb724da3090eef970f12744d92f5c371b3f3a242c440775bb182eec19191,APM1-0407,lanterna-de-leitura-opala-monza-85-kadett-89-cinza-apm1-0407,
5,408,Iluminação,LANTERNA LUZ OPALLA 80/87 CHEVETTE 83/94,,,1,1500,1950,1950,medium,303d06624ad110ae6012857d021f45a1a0afb820f7cd43ad5024e738f0bac7bd,APM1-0408,lanterna-luz-opalla-80-87-chevette-83-94-apm1-0408,missing_manufacturer_code
5,409,Iluminação,LENTE LATERAL SETA PISCA DIANTEIRA (AMARELA),,,1,1500,1950,1950,medium,bfd4b1110612d9028cac60f306c1779f0f59b7c9cd9baf0dca82eb603e92cf18,APM1-0409,lente-lateral-seta-pisca-dianteira-amarela-apm1-0409,missing_manufacturer_code
5,410,Iluminação,LENTE DELIMITADORA (CRISTAL),,,7,1500,1950,13650,medium,fcd1e7a1d9cf8c3673e6d1fb0d5b6534933a857c7ceed71a335b8f877fb8c5eb,APM1-0410,lente-delimitadora-cristal-apm1-0410,missing_manufacturer_code
5,411,Iluminação,LENTE LANTERNA TRASEIRA CARRETA RONDON QUADRADA (AMARELA),,,5,1500,1950,9750,medium,b7a040221e03c7251b13ff127d30b6bf930582f150b53ee7fd5a792a155841af,APM1-0411,lente-lanterna-traseira-carreta-rondon-quadrada-amarela-apm1-0411,missing_manufacturer_code
5,412,Iluminação,LENTE LANTERNA TRASEIRA CARRETA RONDON QUADRADA (CRISTAL),,,3,1500,1950,5850,medium,2353a8f8a0a8d6abbd55114a7c5cb1a427177dea9e653b4c3b56c26a19afcd0d,APM1-0412,lente-lanterna-traseira-carreta-rondon-quadrada-cristal-apm1-0412,missing_manufacturer_code
5,413,Iluminação,LANTERNA DIANTEIRA ÔNIBUS/CAMINHÃO MB 709/912 LE,J1015,JOLEMA,2,2500,3250,6500,high,5c8f2c864b6b775fbc171082206803d12a18ba7f5599ac52aaa98b4c4b75b088,APM1-0413,lanterna-dianteira-onibus-caminhao-mb-709-912-le-apm1-0413,
5,414,Iluminação,LANTERNA PISCA SETA OPALA 80/87 LD,,,1,2000,2600,2600,medium,ee6596feacfd89433f241a915a6a7d15ad2b7410ad50947eef5ee9e97d162a65,APM1-0414,lanterna-pisca-seta-opala-80-87-ld-apm1-0414,missing_manufacturer_code
5,415,Iluminação,LANTERNA PISCA MERCEDES BENZ LE,,,1,3800,4940,4940,medium,b289587ce761661bbf8c44a986c0b0416eaced2b3933a05c778e950a42fcf268,APM1-0415,lanterna-pisca-mercedes-benz-le-apm1-0415,missing_manufacturer_code
5,416,Iluminação,LENTE REDONDA DEGRAU LANTERNA AMBAR (AMARELA),J907,,10,1500,1950,19500,high,2cf62a921d5f160225d0cdb8ce364de5e72f7431599f32435e56047e0929e302,APM1-0416,lente-redonda-degrau-lanterna-ambar-amarela-apm1-0416,
5,417,Iluminação,LENTE REDONDA DEGRAU LANTERNA AMBAR (VERMELHO),,,4,1500,1950,7800,medium,e94cda6d0587be4fd8b1098f4073900814380736c573165fc6f038def5e96f2a,APM1-0417,lente-redonda-degrau-lanterna-ambar-vermelho-apm1-0417,missing_manufacturer_code
5,418,Iluminação,LENTE LANTERNA DIANTEIRA EUROPA 80/82 LD,,,1,1500,1950,1950,medium,3e97ad73e3861f365e439989ebc3a048a33bb0cbf134c92aaf9059ab6c1ea494,APM1-0418,lente-lanterna-dianteira-europa-80-82-ld-apm1-0418,missing_manufacturer_code
5,419,Iluminação,ARO LANTERNA FUSCA TRASEIRA CROMADO,011315-7,,2,1000,1300,2600,high,7abceefd0d27b4f32bfc8b1051248b919a0afb62e8b4ccba2f08097a69c9b273,APM1-0419,aro-lanterna-fusca-traseira-cromado-apm1-0419,
5,420,Iluminação,ARO LANTERNA FUSCA TRASEIRA (2 PÇ),,,1,1000,1300,1300,medium,6f7283319158a25798faea45256b2c3addd0a2f36aa75ffbcddae80dc33a0ec0,APM1-0420,aro-lanterna-fusca-traseira-2-pc-apm1-0420,missing_manufacturer_code
5,421,Iluminação,LANTERNA DIANTEIRA CHEVETTE/MAR 83/93 AMBAR LD,,,1,2000,2600,2600,medium,9498da69994f0ee7acc7b1b60f23ca31e9af1087d61e72d3c3de165064c534b2,APM1-0421,lanterna-dianteira-chevette-mar-83-93-ambar-ld-apm1-0421,missing_manufacturer_code
5,422,Iluminação,FAROL AUXILIAR POLICARB C3/C4 LD/LE,29430,RUFATO,2,3500,4550,9100,high,aa59edb8e4797cc22b8fce071fd0bff2d93d55f6976f2b48a720ce3093d9baff,APM1-0422,farol-auxiliar-policarb-c3-c4-ld-le-apm1-0422,
5,423,Iluminação,LANTERNA DIANTEIRA CHEVETTE 83/... AMBAR LD,,,1,2100,2730,2730,medium,a274df04a43c77fba8c899e00f6123653b466e4e636f409d23b38a801f45c98b,APM1-0423,lanterna-dianteira-chevette-83-ambar-ld-apm1-0423,missing_manufacturer_code
5,424,Iluminação,LANTERNA DIANTEIRA SETA CHEVETTE 83/93 LD,,,1,2000,2600,2600,medium,53beae6ddffb02e0ccf22cb38e5756e6357e1557170833562fda9d4332e3c4fb,APM1-0424,lanterna-dianteira-seta-chevette-83-93-ld-apm1-0424,missing_manufacturer_code
5,425,Iluminação,LANTERNA DIANTEIRA CHVETTE 83/... ACRILICO AMBAR LE,,,1,2100,2730,2730,medium,dc5ff45b1a493f93ec1ae9156e22564a2db0840515a4c76253d4028a15279a41,APM1-0425,lanterna-dianteira-chvette-83-acrilico-ambar-le-apm1-0425,missing_manufacturer_code
5,426,Iluminação,LANTERNA TRASEIRA CHEVY/MEREJO TRICOLOR LD,,,1,3500,4550,4550,medium,be863aac4f87da922d692d0bfe61b28c0ba2bbe00a0d24d016fcfc372a787d81,APM1-0426,lanterna-traseira-chevy-merejo-tricolor-ld-apm1-0426,missing_manufacturer_code
5,427,Iluminação,LANTERNA TRASEIRA BOJUDA CAMINHÃO CANETA (AMARELO),,,1,4000,5200,5200,medium,2abd2d10b0e723a2d16cf653c6f3a5cb6463871916d6854f04c906f68fb3f82b,APM1-0427,lanterna-traseira-bojuda-caminhao-caneta-amarelo-apm1-0427,missing_manufacturer_code
5,428,Iluminação,LENTE BOJUDA TRASEIRA JEEP AMBAR (CRISTAL),,,6,900,1170,7020,medium,2ba438838c0586a5548a9b28aa9dba195c04da18dd1edd31cc8e3aa2e225a848,APM1-0428,lente-bojuda-traseira-jeep-ambar-cristal-apm1-0428,missing_manufacturer_code
5,429,Iluminação,LENTE BOJUDA TRASEIRA JEEP AMBAR (AMARELO),,,2,900,1170,2340,medium,033df7283bb9e491dfa935912de60ba73268b6615aca3abffa8c8ef0220d9cb6,APM1-0429,lente-bojuda-traseira-jeep-ambar-amarelo-apm1-0429,missing_manufacturer_code
5,430,Iluminação,LANTERNA DIANTEIRA GOL/PAR/SAV 91/94 LE,,,1,3200,4160,4160,medium,3b17219fb0663a3e4da2dc25b6d5ae941fb772e68eaed0258567656f8710bfb0,APM1-0430,lanterna-dianteira-gol-par-sav-91-94-le-apm1-0430,missing_manufacturer_code
5,431,Iluminação,LANTERNA LATERAL SINALIZADORA CAMINHÃO C(CRISTAL),,,1,1300,1690,1690,medium,b74cc535b89db9d08173ff1074067dd95bb295fcc6202a9a2b4b9d413ddec50d,APM1-0431,lanterna-lateral-sinalizadora-caminhao-c-cristal-apm1-0431,missing_manufacturer_code
5,432,Iluminação,LENTE PISCA FIAT 147 79/82 LD,,,4,1500,1950,7800,medium,ed9bc1bd1f1a1b6b74c7c728fcb60de191e6734073f6aa9e6a360d6e719fa42e,APM1-0432,lente-pisca-fiat-147-79-82-ld-apm1-0432,missing_manufacturer_code
5,433,Iluminação,PISCA DIANTEIRA GOL/PARATI 87/90 LE,,,1,1300,1690,1690,medium,78d1667a6c52bc1b9265324940e9c0d9725630436aada8383f5f1794720068c7,APM1-0433,pisca-dianteira-gol-parati-87-90-le-apm1-0433,missing_manufacturer_code
5,434,Iluminação,LENTE LANTERNA TRASEIRA FUSQUINHA 69/73,AG1031,,2,1300,1690,3380,high,71ac2a1b959d99f8a8bea75d78f6a35bd1a8810b83dada5393a993b2b5de6df3,APM1-0434,lente-lanterna-traseira-fusquinha-69-73-apm1-0434,
5,435,Iluminação,LENTE LANTERNA TRASEIRA FIAT 147 LD,,,2,1300,1690,3380,medium,4da6e51ccc3328393418450913d8ed1e32e711b0703027e9406e457786a57250,APM1-0435,lente-lanterna-traseira-fiat-147-ld-apm1-0435,missing_manufacturer_code
5,436,Iluminação,LENTE LANTERNA TRASEIRA FIAT 147 LE,,,2,1300,1690,3380,medium,2dd27b79d92d3611399470bb9b61d45fc54a4e8b80eeb50c8b36bd610bcf461c,APM1-0436,lente-lanterna-traseira-fiat-147-le-apm1-0436,missing_manufacturer_code
5,437,Iluminação,LENTE LANTERNA REBOQUE CARRETINHA (CRISTAL),,,9,1300,1690,15210,medium,dddc040a8fe36bc2e18fb0038fc5e0860c0a39498a0ed684db656778b6ddcf89,APM1-0437,lente-lanterna-reboque-carretinha-cristal-apm1-0437,missing_manufacturer_code
5,438,Iluminação,LENTE LANTERNA LATERAL UNO 86/94,LS216A,RUFATO,2,1100,1430,2860,high,988b1712c1f19dc47eb10fb7b2eaafae0c957e13ca8676032a1b990c779ec1ad,APM1-0438,lente-lanterna-lateral-uno-86-94-apm1-0438,
5,439,Iluminação,LENTE PISCA INFERIOR DIANTEIRO FIAT 147 LE,,,1,1300,1690,1690,medium,d3cf657cedb52669a8cc93f665054a005944b9dcb1ca56ff32021fe04342938c,APM1-0439,lente-pisca-inferior-dianteiro-fiat-147-le-apm1-0439,missing_manufacturer_code
5,440,Iluminação,LENTE LANTERNA TRASEIRA PARA-CHOQUE BICOLOR,J916,JOLEMA,4,1300,1690,6760,high,ae4e06f1e12f3db4d56d9d1152237edb82599e926f26eaf2c48e1d8e27e26285,APM1-0440,lente-lanterna-traseira-para-choque-bicolor-apm1-0440,
5,441,Iluminação,LENTE PISCA UNO ELBA 88/98 LD,,,1,1300,1690,1690,medium,12b264837ed37990e638819956ab8d90acb0fe306d81d6775ba19c36d40b620c,APM1-0441,lente-pisca-uno-elba-88-98-ld-apm1-0441,missing_manufacturer_code
5,442,Iluminação,LANTERNA PARALAMA CAPACETE 86 AMBAR,J1006,JOLEMA,3,1300,1690,5070,high,d76c0350b0994290f007296129394752b22576099b1c4c8b75da3f4019d2710b,APM1-0442,lanterna-paralama-capacete-86-ambar-apm1-0442,
5,443,Iluminação,LENTE TRASEIRA KOMBI CLIPPER,7341,RAINHA DAS SETA,2,2000,2600,5200,high,c43c8513c2ea18161bef6dfb616f0a20de5ff3439779f49f4140f0945bffe6aa,APM1-0443,lente-traseira-kombi-clipper-apm1-0443,
5,444,Iluminação,LANTERNA DIANTEIRA VW SANTANA 87/90 CIBIE LD,,CIBIE,1,8300,10790,10790,medium,c190c20c713b99bcc1ec4041bc155befef23304cc7865d0e461d238d4b045d81,APM1-0444,lanterna-dianteira-vw-santana-87-90-cibie-ld-apm1-0444,missing_manufacturer_code
6,445,Iluminação,LANTERNA DIANTEIRA VW SANTANA 87/90 CIBIE LE,,,1,8300,10790,10790,medium,4dda698c344c4bb0d651b9b936875b54f1294b9b62d65ce631f0cb2247142184,APM1-0445,lanterna-dianteira-vw-santana-87-90-cibie-le-apm1-0445,missing_manufacturer_code
6,446,Iluminação,LANTERNA TRASEIRA FIAT 147 LE,,,1,5000,6500,6500,medium,6e6389b848c65a6e998364c62de9336a6a8755d8d4b1810bec1063c501fd8c3c,APM1-0446,lanterna-traseira-fiat-147-le-apm1-0446,missing_manufacturer_code
6,447,Iluminação,LANTERNA DIANTEIRA GOL/VOYAGE 87/90 LE,,,1,1000,1300,1300,medium,485c7c38c0307a9df0f5fb332e65b8594d2205ab33722dd9462f98c486d01599,APM1-0447,lanterna-dianteira-gol-voyage-87-90-le-apm1-0447,missing_manufacturer_code
6,448,Iluminação,LENTE PARALAMA CAPACETE 86 AMBAR,,,4,1000,1300,5200,medium,cf3eb42ccdd2518c1d148ea6dca3e600a61d9a5c82e89aeeb1cf85b85452d6aa,APM1-0448,lente-paralama-capacete-86-ambar-apm1-0448,missing_manufacturer_code
6,449,Iluminação,LENTE LANTERNA DIANTEIRA UNO 84/90 LE,038865-9,CHG,1,1200,1560,1560,high,7d1db9da683926a1b3786ec2e6b51b26d00b5c6d21497250d03f8bdcf215a93b,APM1-0449,lente-lanterna-dianteira-uno-84-90-le-apm1-0449,
6,450,Iluminação,LANTERNA BICOLOR REDONDA (2 SOQUETE),,,1,3100,4030,4030,medium,1088e2ec6aee6706868c49ae1903140379ca1572078ab2eef155b5fa0ca43453,APM1-0450,lanterna-bicolor-redonda-2-soquete-apm1-0450,missing_manufacturer_code
6,451,Iluminação,LENTE TRASEIRA MERCEDES REDONDA,,,5,1300,1690,8450,medium,ddc513a6f1bdca74c9671bb3e94039096a89939570a7b3d52ed24c8ac5d96582,APM1-0451,lente-traseira-mercedes-redonda-apm1-0451,missing_manufacturer_code
6,452,Iluminação,LANTERNA LENTE TRASEIRA PICK-UP 85/96 LE (VERMELHO),11833,CHG,1,1300,1690,1690,high,329de75c120ce4a1578f5d7ceae42479794779b182a2389f4a0e7a40bff3c207,APM1-0452,lanterna-lente-traseira-pick-up-85-96-le-vermelho-apm1-0452,
6,453,Iluminação,LENTE LANTERNA TRASEIRA D-20 81/82 LD,,,1,1300,1690,1690,medium,6817db6ec9724f5f1de4d1cbc82d99e589b5a37014c6414b5a677c4b7c2f1f8d,APM1-0453,lente-lanterna-traseira-d-20-81-82-ld-apm1-0453,missing_manufacturer_code
6,454,Iluminação,LENTE PARA-CHOQUE TRASEIRA FIAT UNO 11/... LD (VERMELHO),011657-7,CHG,1,1200,1560,1560,high,0b7514f396af6a4d6dd0a164c9623e55eb6db3a1f1e8bb8398c71d30f7a6f3d7,APM1-0454,lente-para-choque-traseira-fiat-uno-11-ld-vermelho-apm1-0454,
6,455,Iluminação,LANTERNA TRASEIRA MERCEDES 1111 SEM VIIA,J1004,JOLEMA,1,3800,4940,4940,high,e16b4d1406078a11a6c5263b942458b4b755cc75d23ea202e09fae2c06ca1e73,APM1-0455,lanterna-traseira-mercedes-1111-sem-viia-apm1-0455,
6,456,Iluminação,LENTE DIANTEIRA SPAZIO/FIORINO/PARONAMA 83/6 LE (CRISTAL),252142,JCV,2,1300,1690,3380,high,6a586c3d454ab1044049d03494da46b333a1da162658c81a0a7734b9d7ff9681,APM1-0456,lente-dianteira-spazio-fiorino-paronama-83-6-le-cristal-apm1-0456,
6,457,Iluminação,REFLETOR PARA-CHOQUE TRASEIRO STRADA 14/20 LE,7026E,DSC,2,1500,1950,3900,high,f24077ca5bb0105b852806a633affe4ca68253dd13e377eda7d0094cbe6bb5b6,APM1-0457,refletor-para-choque-traseiro-strada-14-20-le-apm1-0457,
6,458,Iluminação,REFLETOR PARA-CHOQUE TRASEIRO STRADA 14/20 LD,7026D,DSC,2,2300,2990,5980,high,73d843d4344cd54734ed9f3ec67d3bdd95101048b4371357e8455db61941d473,APM1-0458,refletor-para-choque-traseiro-strada-14-20-ld-apm1-0458,
6,459,Iluminação,LANTERNA PLACA FIESTA 97/02 KA 97/02 ACRILICO,018772-9,CHG,4,1300,1690,6760,high,d5ad7fc360d03dc646071bcb845c7d81a1a2b9267ddffbf30ff839f4bacc75fc,APM1-0459,lanterna-placa-fiesta-97-02-ka-97-02-acrilico-apm1-0459,
6,460,Iluminação,LANTERNA DIANTEIRA UNO 84/90 LD (CRISTAL),,,1,2500,3250,3250,medium,15ec1473e2e755c0f85e81cee8506d7dcebcc5c1e15b8ce5c67b3e4c46e390d8,APM1-0460,lanterna-dianteira-uno-84-90-ld-cristal-apm1-0460,missing_manufacturer_code
6,461,Iluminação,LANTERNA DIANTEIRA SCANIA 112/113 LE,,,1,3500,4550,4550,medium,0b0adf62b993f23774679571d60e86837ec9e6de8cf15570c55a9553df84e287,APM1-0461,lanterna-dianteira-scania-112-113-le-apm1-0461,missing_manufacturer_code
6,462,Iluminação,PISCA SETA LANTERNA SANTANA 85/90 LE,,,1,1300,1690,1690,medium,4012164c48baa80a7010c93dba7779a6e64d797d355198f83f886ea691821d27,APM1-0462,pisca-seta-lanterna-santana-85-90-le-apm1-0462,missing_manufacturer_code
6,463,Iluminação,LANTERNA TRASEIRA KOMBI 76 FUMÊ,,,1,2000,2600,2600,medium,84acd7d674be63c5feccc3e95526c41102c37c027344b1f76f5e7ba0d83f51bb,APM1-0463,lanterna-traseira-kombi-76-fume-apm1-0463,missing_manufacturer_code
6,464,Iluminação,LANTERNA DIANTEIRA UNO /PREMIO/ELBA/FIORINO 84/90 MILLE 94 LE,440011,ACRILUX,2,2300,2990,5980,high,badc929874c601f0e29d687d53c83905fb8b9c55714f90a50788739a6edb3519,APM1-0464,lanterna-dianteira-uno-premio-elba-fiorino-84-90-mille-94-le-apm1-0464,
6,465,Iluminação,FAROL AUXILIAR FOCUS 09/15 ECOSPORT 13/... KA LD/LE,088904-6,CHG,1,4500,5850,5850,high,a72c9db7be43424c192df8620075c4f4dae2337450720f6ece77b33c807fb421,APM1-0465,farol-auxiliar-focus-09-15-ecosport-13-ka-ld-le-apm1-0465,
6,466,Iluminação,LANTERNA DIANTEIRA FIAT UNO/PREMIO/ELBA/FIORINO 84/0 LD,397382,CHG,2,4300,5590,11180,high,b29f015ada03c11de689c76fa985a68c4732330e7e8bd6000bfb45e647dcbd6a,APM1-0466,lanterna-dianteira-fiat-uno-premio-elba-fiorino-84-0-ld-apm1-0466,
6,467,Iluminação,LANTERNA LATERAL BAÚ CAMINHÃO 4 PÇ (CRISTAL),,,1,1000,1300,1300,medium,c9d8ddf39cbba8d03f8cd7269eefc2ba665188d28da9ceb2e0b6c7732e7c5903,APM1-0467,lanterna-lateral-bau-caminhao-4-pc-cristal-apm1-0467,missing_manufacturer_code
6,468,Retrovisores,RETROVISOR UNO FIRE FLEX 05/... 2P SEM CONTROLE LD,12901,COFRAN,1,5800,7540,7540,high,ac8519f46013aa1e5a500bf33f8722c7c4dac776ed4b2d977c5275895bedf936,APM1-0468,retrovisor-uno-fire-flex-05-2p-sem-controle-ld-apm1-0468,
6,469,Retrovisores,RETROVISOR UNO LD,,,1,5800,7540,7540,medium,0c555b5bae13530ad4f4a092979cddccdd405235565dae69f69322ab5c2ea6da,APM1-0469,retrovisor-uno-ld-apm1-0469,missing_manufacturer_code
6,470,Retrovisores,RETROVISOR AGILE 09/14 MONTANA COM CONTROLE LD,21244,RUFATO,1,13000,16900,16900,high,56b1495424e847714aa3b8f22aa7279291ec648bf0b2a507a9482b557bf94abb,APM1-0470,retrovisor-agile-09-14-montana-com-controle-ld-apm1-0470,
6,471,Retrovisores,RETROVISOR AGILE 09/14 MONTANA COM CONTROLE LE,21245,RUFATO,1,13000,16900,16900,high,accdaec3fd257b3f8160c7125734d53b67823658a38467f672adca557bd16ae4,APM1-0471,retrovisor-agile-09-14-montana-com-controle-le-apm1-0471,
6,472,Retrovisores,RETROVISOR CORSA/MONTANA 2/4 PORTAS COM CONTROLE LD,461120,NEW KAR,1,12500,16250,16250,high,958cbf239a8c70c338a1a29107656a0cc8f9ad6e45665cfdfdb961d38f034105,APM1-0472,retrovisor-corsa-montana-2-4-portas-com-controle-ld-apm1-0472,
6,473,Retrovisores,RETROVISOR ESCORT/VERONA 92/96 COM CONTROLE LE,3341,RETROVEX,1,5800,7540,7540,high,f94d80db3b148b7569e832df7092aa1665cb661cec4dc8597b5c87fc31a5fc2f,APM1-0473,retrovisor-escort-verona-92-96-com-controle-le-apm1-0473,
6,474,Retrovisores,RETROVISOR PALIO/STRADA 11/... 2P COM CONTROLE LE,RX4527,RETROVEX,1,10700,13910,13910,high,af6b80518586c25ab668ae4c4cd099d87e23d5cdc0510829caeee13b820bc29b,APM1-0474,retrovisor-palio-strada-11-2p-com-controle-le-apm1-0474,
6,475,Retrovisores,RETROVISOR ESCORT/VERONA 92/96 COM CONTROLE LD,RX3340,RETROVEX,1,8900,11570,11570,high,5f5ede8d2a00b8253fde9184c7ad6a389d4c2179327a53dbfcbb886516080025,APM1-0475,retrovisor-escort-verona-92-96-com-controle-ld-apm1-0475,
6,476,Retrovisores,RETROVISOR FIORINO 97/... COM CONTROLE LD,RX4402,RETROVEX,1,8500,11050,11050,high,7b98d98b51e59c58cfa6b23a752bc1a196673d296712a803dcffe8595a5b953c,APM1-0476,retrovisor-fiorino-97-com-controle-ld-apm1-0476,
6,477,Retrovisores,RETROVISOR MONZA 85/90 COM CONTROLE LE,1215.0,COFRAN,1,5000,6500,6500,high,acd7ff21adf7719956923a874f154c7a3f3355af8d2e3a7a3ea65abfd0ac72d6,APM1-0477,retrovisor-monza-85-90-com-controle-le-apm1-0477,
6,478,Retrovisores,RETROVISOR MONZA 85/90 COM CONTROLE LD,1214.0,COFRAN,1,5000,6500,6500,high,878ff515226d9c8325824de8494404006b321e6470d66f99053ef888403d1c40,APM1-0478,retrovisor-monza-85-90-com-controle-ld-apm1-0478,
6,479,Retrovisores,RETROVISOR AGILE 09/... COM CONTROLE LE,RX2257,RETROVEX,1,17400,22620,22620,high,5e2dca8daaa198b409d2e084cb35867577810cd3d0f600aec52b13208e451b3f,APM1-0479,retrovisor-agile-09-com-controle-le-apm1-0479,
6,480,Retrovisores,RETROVISOR PALIO STRADA 11/... 2P SEM CONTROLE LD,RX4528,RETROVEX,2,8400,10920,21840,high,a7917603b190b0a65be5cb031f5d845f4666ebe94bff93b223d6adf67f5dc103,APM1-0480,retrovisor-palio-strada-11-2p-sem-controle-ld-apm1-0480,
6,481,Retrovisores,RETROVISOR PALIO/SIENA 96/2000 2P SEM CONTROLE LE,RX4424,RETROVEX,1,5500,7150,7150,high,9e33e7ecec7bc9a9e38fc138e5703038d2b9a31a21eb2d6e9bf84d57cc7b8542,APM1-0481,retrovisor-palio-siena-96-2000-2p-sem-controle-le-apm1-0481,
6,482,Retrovisores,RETROVISOR PARATI GOL 88/94 SEM CONTROLE LE,1433.0,COFRAN,1,5500,7150,7150,high,833c35b7ec60dbedf4222c1ec52233384b13fb8144c3a6b6d76cf14f596c996f,APM1-0482,retrovisor-parati-gol-88-94-sem-controle-le-apm1-0482,
6,483,Retrovisores,RETROVISOR 98/... SEM CONTROLE LD,RF330,CRL,2,8200,10660,21320,high,1d35b2858bd8f113e48b13fc56e4dbb59fb6146384ea23a665e167fa37ecdef9,APM1-0483,retrovisor-98-sem-controle-ld-apm1-0483,
6,484,Retrovisores,RETROVISOR PALIO FIRE/SIENA 11/... 4P SEM CONTROLE LD,RX4516,RETROVEX,1,10900,14170,14170,high,26f4d5c377d8627741abd40075ecf2025f9ff6256565e02bc34f8bb3a0352d00,APM1-0484,retrovisor-palio-fire-siena-11-4p-sem-controle-ld-apm1-0484,
6,485,Retrovisores,RETROVISOR/SIENA 11/... 4P SEM CONTROLE LE,RX4517,RETROVEX,1,10900,14170,14170,high,a7ccbebacfd3643a1ee1269b20749f8676c373efe77196729658e78fa91530bb,APM1-0485,retrovisor-siena-11-4p-sem-controle-le-apm1-0485,
6,486,Retrovisores,RETROVISOR PALIO 11/... STRADA 2P SEM CONTROLE LE,RX4529,RETROVEX,1,8900,11570,11570,high,f294216a86ffb15054bbe7d9908d8948713b52e1cbd5f5812f8449115fd2fa67,APM1-0486,retrovisor-palio-11-strada-2p-sem-controle-le-apm1-0486,
6,487,Retrovisores,RETROVISOR ONIX/PRISMA (NOVO) COM CONTROLE LD,RX2276,RETROVEX,1,18500,24050,24050,high,cca620297c6a79165ed8a9f7cead7572843cbcdcd5190b40caf82cacbd6557e5,APM1-0487,retrovisor-onix-prisma-novo-com-controle-ld-apm1-0487,
6,488,Retrovisores,RETROVISOR F1000 93/97 LE,RX3323,RETROVEX,1,8300,10790,10790,high,5e9923954c6fc79e1c3faf257d3eb6e1ea8119c669dbeca2db3a6ecd8b20915e,APM1-0488,retrovisor-f1000-93-97-le-apm1-0488,
6,489,Retrovisores,RETROVISOR GOL G3 4P COM CONTROLE LD,RX1118,RETROVEX,1,8600,11180,11180,high,36e23a8397146bb636bf6e0035bd8e08fa59c5ebdc4379d15ad199f431e9377e,APM1-0489,retrovisor-gol-g3-4p-com-controle-ld-apm1-0489,
6,490,Retrovisores,RETROVISOR GOL 95/99 COM CONTROLE LE,RX1115,RETROVEX,1,7800,10140,10140,high,ff330ec47d395fe276b44a6410737aea07455f5a6d94da5f428dcc63552ff9af,APM1-0490,retrovisor-gol-95-99-com-controle-le-apm1-0490,
6,491,Retrovisores,RETROVISOR CORSA 93/02 CLASSIC 03/... SEM CONTROLE LD,12301.1,COFRAN,1,5000,6500,6500,high,2227115692152dfaf3eacd15cf2e5e053f0af84447df09ead5c3bfc2b9abeb41,APM1-0491,retrovisor-corsa-93-02-classic-03-sem-controle-ld-apm1-0491,
6,492,Retrovisores,RETROVISOR UNIVERSAL CROMADO KOMBI LD,RX6604,RETROVEX,5,4300,5590,27950,high,00a83d4bc6f64479665ce12d5e2b962d3af27eca3afc53d5bc554cb0a9fb0af5,APM1-0492,retrovisor-universal-cromado-kombi-ld-apm1-0492,
6,493,Retrovisores,RETROVISOR UNIVERSAL PRETO KOMBI LD/LE,RX6600,RETROVEX,1,2300,2990,2990,high,d9e8d0de3aee451d8309f5913e4f79a39917cb011747730b90b50b59488c8a02,APM1-0493,retrovisor-universal-preto-kombi-ld-le-apm1-0493,
6,494,Retrovisores,RETROVISOR F-1 CROMADO LD,RX6614,RETROVEX,1,5500,7150,7150,high,2d3b9f10134f3a7ee2baed17419854d5951bc7bc687a725b849a05456fec76a8,APM1-0494,retrovisor-f-1-cromado-ld-apm1-0494,
6,495,Retrovisores,RETROVISOR UNIVERSAL MOD BLICK,RX6608,RETROVEX,1,2600,3380,3380,high,62ec10d5ed8085750c038c3da844e05d1ddf9da407111d289950725f30e4ca6e,APM1-0495,retrovisor-universal-mod-blick-apm1-0495,
6,496,Retrovisores,RETROVISOR UNIVERSAL F-1 CROMADO LE,RX6613,RETROVEX,1,4500,5850,5850,high,4a7a1591bb037a447454eb9a7995fe0cb3017eb025c02d47451781184fddf705,APM1-0496,retrovisor-universal-f-1-cromado-le-apm1-0496,
6,497,Retrovisores,CAPA RETROVISOR EXTERNO GOL 09/12 G5 LD,24152,RUFATO,1,3000,3900,3900,high,dbf2eafa33f9a6306c02dd47deccea082113a3efd64d5ce94084953c3a9b1136,APM1-0497,capa-retrovisor-externo-gol-09-12-g5-ld-apm1-0497,
6,498,Retrovisores,CAPA RETROVISOR EXTERNO GOL 09/12 G5 LE,24153,RUFATO,1,3000,3900,3900,high,25d61c22ed35c36e271aea39ac77d6797d4302583efb410b2ff36e4c82957503,APM1-0498,capa-retrovisor-externo-gol-09-12-g5-le-apm1-0498,
6,499,Retrovisores,CAPA RETROVISOR GOL G5 2008 SEM PISCA LE,111749,CHG,1,1600,2080,2080,high,7199d725e3c0ba306bf17a9ea216063d35e6ea38e6149ceefe007602be44bb7f,APM1-0499,capa-retrovisor-gol-g5-2008-sem-pisca-le-apm1-0499,
6,500,Retrovisores,LENTE RETROVISOR COM BASE AGILE 09/ MONTANA 09/14 LE,097841-0,CHG,1,1500,1950,1950,high,68c2fd71e2802dc11db1057b86e0c0308fafde9a2383e30f655a26c4a717ce69,APM1-0500,lente-retrovisor-com-base-agile-09-montana-09-14-le-apm1-0500,
6,501,Retrovisores,BASE SEM VIDRO RETROVISOR GOL/VOY/PAR G3,86008,,4,1200,1560,6240,high,d47849272f20329a7b301ff28408e3947f7d5b26025aa340f8a3b627939be92a,APM1-0501,base-sem-vidro-retrovisor-gol-voy-par-g3-apm1-0501,
6,502,Retrovisores,SUB CONJUNTO GOL/SAV/PAR/SANT 98/... G3,468208,BLAWER,1,3000,3900,3900,high,1fddba1ff28e662a50ace5a4a25987a607d1129525fa6775027505bec7cfa6eb,APM1-0502,sub-conjunto-gol-sav-par-sant-98-g3-apm1-0502,
6,503,Retrovisores,LENTE RETROVISOR COM BASE VW GOL G5 10/... LE,078455-4,CHG,1,1200,1560,1560,high,10abf2a0a5b0b2771d1a578a0c007e2dc3e452c06748d7f7f71b6d3c20695621,APM1-0503,lente-retrovisor-com-base-vw-gol-g5-10-le-apm1-0503,
6,504,Retrovisores,BASE SEM VIDRO GOL G3 LD,VP1043,VP,2,1200,1560,3120,high,4a8f8996e06f5084f63dfc95518fbd62904d04a4227f0674f59d7f7b7d6de311,APM1-0504,base-sem-vidro-gol-g3-ld-apm1-0504,
6,505,Retrovisores,MOLDURA RETROVISOR UNO 2P INTERNO 02 LD,7800819,CENTERFLEX,1,2000,2600,2600,high,7ac29758fc9ace71969646477944de598112536de2af4ebcb9e9ffe685c4b315,APM1-0505,moldura-retrovisor-uno-2p-interno-02-ld-apm1-0505,
6,506,Retrovisores,CAPA RETROVISOR GOL G5 SEM PISCA LD,111750,CHG,1,1600,2080,2080,high,3b33b86cd123526f68c7d3af24da0ab51664b0cc93afba5f81370762eed47a0f,APM1-0506,capa-retrovisor-gol-g5-sem-pisca-ld-apm1-0506,
6,507,Retrovisores,RETROVISOR GOL/VOY/PAR/SAV 88/94 COM CONTROLE LD,RX1106,RETROVEX,1,3400,4420,4420,high,3309a9ab9d4b4b460a347e503cbed9afd820e2112e82e37eed9bf502f8deec56,APM1-0507,retrovisor-gol-voy-par-sav-88-94-com-controle-ld-apm1-0507,
6,508,Retrovisores,RETROVISOR GOL/VOY/PAR SEM CONTROLE 83/86 LD,1428.0,COFRAN,1,5400,7020,7020,high,8a5350ad36aa3582a894bc4ef028467f25acacc360cff648d71494eb10efa5b9,APM1-0508,retrovisor-gol-voy-par-sem-controle-83-86-ld-apm1-0508,
6,509,Retrovisores,RETROVISOR GOL 08 SEM CONTROLE LD,,,1,4600,5980,5980,medium,4f823acb6d176f26b376dc9f201b595c4da1b8537d51c1acf3cbfe5123d7d5d0,APM1-0509,retrovisor-gol-08-sem-controle-ld-apm1-0509,missing_manufacturer_code
6,510,Retrovisores,RETROVISOR DUCATO 03/... SEM CONTROLE LD,1346.1,COFRAN,1,10000,13000,13000,high,21c57e493bf902f4e256848edb99d3c1a77a9b3562c659012a232b87c0e56559,APM1-0510,retrovisor-ducato-03-sem-controle-ld-apm1-0510,
6,511,Retrovisores,RETROVISOR FIAT UNO MILLE 03/13 COM CONTROLE LD,,,1,7000,9100,9100,medium,30566f02a65fe875d5276ae1fa123a0d1edcb94f3289043402c42a6e4793fb89,APM1-0511,retrovisor-fiat-uno-mille-03-13-com-controle-ld-apm1-0511,missing_manufacturer_code
6,512,Retrovisores,RETROVISOR INTERNO UNO .../04 PREMIO/ELBA 85/...,,,1,3000,3900,3900,medium,68aca948ade5c8e27e85c99318e56490b1d69d251e89623eef67c7bebb56f286,APM1-0512,retrovisor-interno-uno-04-premio-elba-85-apm1-0512,missing_manufacturer_code
6,513,Retrovisores,RETROVISOR GOL G3 2P SEM CONTROLE LD,RX1124,RETROVEX,1,4500,5850,5850,high,9792d84cd5bc8e6db6ff1b69f3c93bb480ea7ea1c423cecdd12fe3c6830e7c92,APM1-0513,retrovisor-gol-g3-2p-sem-controle-ld-apm1-0513,
6,514,Retrovisores,LENTE ESPELHO PALIO ACTIVE .../02 LE,,,1,1500,1950,1950,medium,a9f3f95296ea35a4d86b5aa0964ad118f66c64e062f35de8a746ddc849f680ce,APM1-0514,lente-espelho-palio-active-02-le-apm1-0514,missing_manufacturer_code
6,515,Retrovisores,LENTE RETROVISOR FORD KA 15/21 LE,,REMOVEL,1,1500,1950,1950,medium,74385e012cf85b1892470d9eaab24a79c07460b659e11af79efe18446ae6c92c,APM1-0515,lente-retrovisor-ford-ka-15-21-le-apm1-0515,missing_manufacturer_code
6,516,Retrovisores,BASE COM VIDRO G5/FOX LE,7015,BLAWER,1,1300,1690,1690,high,fe4563d1e7667391c100ee4c4de7a5b183600350cac721d048312e86568ce80a,APM1-0516,base-com-vidro-g5-fox-le-apm1-0516,
6,517,Retrovisores,LENTE RETROVISOR SEM BASE CELTA TODOS LE (CONJUNTO),,,1,1500,1950,1950,medium,0e0455d9d04d44e54afb94b7264b31a866b0d92ea77f69f608e44188006c1486,APM1-0517,lente-retrovisor-sem-base-celta-todos-le-conjunto-apm1-0517,missing_manufacturer_code
6,518,Retrovisores,COBERTURA KOMBI CLIPPER 76/96 LE,RX1101,RETROVEX,1,4500,5850,5850,high,1e9483322317f643058a93d6afe87ce3a4c3367ae1c52ef01d229d8545e79456,APM1-0518,cobertura-kombi-clipper-76-96-le-apm1-0518,
6,519,Retrovisores,COBERTURA KOMBI CLIPPER 76/96 LD,RX1100,RETROVEX,3,4500,5850,17550,high,f97025c9d7bedb382b1e77de4ba3000cf3fbca3f2bf2ee4f8a47003110090f92,APM1-0519,cobertura-kombi-clipper-76-96-ld-apm1-0519,
6,520,Molduras e grades,MOLDURA GUIA TRASEIRO CLASSIC 10/ LE,MC4581,IOVI ENT,1,3600,4680,4680,high,e503844773c28e5b335119d404cdba458f4c4afc0a4f04f336b0ba86f52d1a37,APM1-0520,moldura-guia-traseiro-classic-10-le-apm1-0520,
6,521,Molduras e grades,MOLDURA P/LAMA CORSA HATCH 94/02 2/4P TRASEIRO LE,J80860,KARINA JULIMAR,2,2600,3380,6760,high,06de04dff4c152710024bf97c423b8f8cf26bb0a0fc608162ffef05190b0693c,APM1-0521,moldura-p-lama-corsa-hatch-94-02-2-4p-traseiro-le-apm1-0521,
6,522,Molduras e grades,ACABAMENTO P/LAMA STRADA/WEEK 98/06 TRASEIRO LD,J60792,KARINA JULIMAR,1,5800,7540,7540,high,d6823a82a4437cb0e09ae3515c39bc1a80392a8432e9bcbc35366c45f7c93f30,APM1-0522,acabamento-p-lama-strada-week-98-06-traseiro-ld-apm1-0522,
6,523,Molduras e grades,PONTEIRA P/CHOQUE SAV 93/97 TRASEIRO LE,J10274,KARINA JULIMAR,2,7200,9360,18720,high,e275be1dec933a31b754fe96293f67cd1b8581e7048918fad3962ab337d0081a,APM1-0523,ponteira-p-choque-sav-93-97-traseiro-le-apm1-0523,
6,524,Molduras e grades,PONTEIRA SAV 97/00 TRASEIRO LD,J10284,KARINA JULIMAR,1,7200,9360,9360,high,36358fcdd52cdaf9ac8e7ef63ba15c322f807745190fc355beb646a08091d889,APM1-0524,ponteira-sav-97-00-traseiro-ld-apm1-0524,
6,525,Molduras e grades,PONTEIRA FIORINO 87/95 TRASEIRO LE,J60626,KARINA JULIMAR,1,9300,12090,12090,high,768f50314c0bdf4aeeba57a4ef502969240404a59709bca44745f5a9a07121b6,APM1-0525,ponteira-fiorino-87-95-traseiro-le-apm1-0525,
6,526,Molduras e grades,PONTEIRA P/CHOQUE D20 TRASEIRO LD,J809914,KARINA JULIMAR,3,3200,4160,12480,high,32f9a666de762f7af72eab33fe5a2327ce9578c22a189086d4eeddf270d4f8ad,APM1-0526,ponteira-p-choque-d20-traseiro-ld-apm1-0526,
7,527,Molduras e grades,PONTEIRA GOL 84/86 TRASEIRO LD,J10200,KARINA JULIMAR,1,2400,3120,3120,high,133ea8cfd56e2a83c60c85e3ee81b0e947f5c5904658cc2a5d58d4045b30d69d,APM1-0527,ponteira-gol-84-86-traseiro-ld-apm1-0527,
7,528,Molduras e grades,PONTEIRA P/CHOQUE TRASEIRO S-10 95/... LD,015372-2,CHG,1,5500,7150,7150,high,23df050026f587c74c246e220b376695da3fd3d5994eb52b0b0c11c3ee7e8ec2,APM1-0528,ponteira-p-choque-traseiro-s-10-95-ld-apm1-0528,
7,529,Molduras e grades,PONTEIRA PARATI 84/86 TRASEIRA LE,J10280,KARINA JULIMAR,1,3800,4940,4940,high,cccaefe69ceeab0149d9026b8be109b4d9ee894489433139a59fed4216c15f36,APM1-0529,ponteira-parati-84-86-traseira-le-apm1-0529,
7,530,Molduras e grades,PONTEIRA P/CHOQUE D20 TRASEIRA LE,J915,KARINA JULIMAR,4,3200,4160,16640,high,5b682550f06179c1bb81365c859acd1dc1dd5ebda645b62446bf3d8d83f2cdb8,APM1-0530,ponteira-p-choque-d20-traseira-le-apm1-0530,
7,531,Molduras e grades,PONTEIRA SAV 83/92 TRASEIRO LE,J10240,KARINA JULIMAR,1,1200,1560,1560,high,771717c792587c87ab6143ec2230db74f506e8f86547ef1122f4b2047cd0ebf3,APM1-0531,ponteira-sav-83-92-traseiro-le-apm1-0531,
7,532,Molduras e grades,MOLDURA P/LAMA UNO WAY 04/13 DIANTEIRO LD,J60742,KARINA JULIMAR,1,3200,4160,4160,high,c0278cd24c499a8e02596612c6c56fa4f2da1054abdd4b80ecd9fd6f670a08d7,APM1-0532,moldura-p-lama-uno-way-04-13-dianteiro-ld-apm1-0532,
7,533,Molduras e grades,MOLDURA P/LAMA UNO TRASEIRO LE,111279-9,CHG,1,3600,4680,4680,high,89c642b7a7e7ffecd93647f32c01259c3fa7f46323121c355d7f934da745c4db,APM1-0533,moldura-p-lama-uno-traseiro-le-apm1-0533,
7,534,Molduras e grades,MOLDURA P/LAMA UNO DIANTEIRO LE,8339,BLAWER,1,2400,3120,3120,high,0947f6579ed7adbb348731779c7640112665fcd65f4421a2fe5fa26b1ec45bf7,APM1-0534,moldura-p-lama-uno-dianteiro-le-apm1-0534,
7,535,Molduras e grades,MOLDURA PORTA FIORINO 91/... TRASEIRO LE,J60767,KARINA JULIMAR,1,6300,8190,8190,high,54eb8c6cab77aaa48ada2c8f301c1e4e0f1e236293f3e42c707ebd985d5e6946,APM1-0535,moldura-porta-fiorino-91-traseiro-le-apm1-0535,
7,536,Molduras e grades,PONTEIRA SAV 83/92 TRASEIRO LD,J10241,KARINA JULIMAR,1,1200,1560,1560,high,7e9f139a142f90b475dcfbf8047819d6b4536a5739223182bd26080c3d804496,APM1-0536,ponteira-sav-83-92-traseiro-ld-apm1-0536,
7,537,Molduras e grades,PONTEIRA MONZA 92/90 TRASEIRO LD,J80833,KARINA JULIMAR,1,3200,4160,4160,high,900fa3d7efb40665e0afac4a4b052accf737c5a6d58af8581bd8b3bf3440b5da,APM1-0537,ponteira-monza-92-90-traseiro-ld-apm1-0537,
7,538,Molduras e grades,PONTEIRA MONZA 82/90 DIANTEIRO LE,J80832,KARINA JULIMAR,1,2400,3120,3120,high,cda3da8b387ffd898a48c53429d45e17e0d773a74b0b6a9f07ede44367e43ed5,APM1-0538,ponteira-monza-82-90-dianteiro-le-apm1-0538,
7,539,Molduras e grades,PONTEIRO D20 85/90 DIANTEIRO LE,J80848,KARINA JULIMAR,1,3200,4160,4160,high,7e13b58a8973c1d1169fe2764963be009d9f96563dbeaa2338d06571fa6c2874,APM1-0539,ponteiro-d20-85-90-dianteiro-le-apm1-0539,
7,540,Molduras e grades,PONTEIRO P/CHOQUE DIANTEIRO LD,N94635644,,1,2400,3120,3120,high,d9f3ad4b58d5fc11f2d27cf314a4574ac73f2abe7b17f9dd98e38d275c8744dd,APM1-0540,ponteiro-p-choque-dianteiro-ld-apm1-0540,
7,541,Molduras e grades,PONTEIRO MONZA 82/90 DIANTEIRO LD,J80831,KARINA JULIMAR,1,2400,3120,3120,high,bd5acc832111b5ef4ac6b7582604cf2428b99feac19edfc8d11043425a8bfcd6,APM1-0541,ponteiro-monza-82-90-dianteiro-ld-apm1-0541,
7,542,Molduras e grades,PONTEIRO P/CHOQUE TRASEIRO LE S-10 95/... LE,015373-1,CHG,1,5500,7150,7150,high,03292798db4a494f02825f1df22cf83b79b577b261a7d6cb8765cd65fad240cd,APM1-0542,ponteiro-p-choque-traseiro-le-s-10-95-le-apm1-0542,
7,543,Molduras e grades,PONTEIRO COURIER 96/... TRASEIRO LE,J40508,KARINA JULIMAR,1,7200,9360,9360,high,32c305e0ecc248c170326796cbecdbd012c8e7a1e1cc6503721f592c83bd69a3,APM1-0543,ponteiro-courier-96-traseiro-le-apm1-0543,
7,544,Molduras e grades,SPOILER DIANTEIRO MONZA 83/90 SEM FURO,072887-5,CHG,1,4500,5850,5850,high,e1314f77a97fbfe0776dc460457b2fd112857842e7f3b5ca9863796757014552,APM1-0544,spoiler-dianteiro-monza-83-90-sem-furo-apm1-0544,
7,545,Molduras e grades,PONTEIRO CHEVETT TRASEIRO 97/... LD,J80837,KARINA JULIMAR,1,5800,7540,7540,high,717ecda33cb23d0f6040c661b20aa928306d91c8ab8ca59b370747ae493682f1,APM1-0545,ponteiro-chevett-traseiro-97-ld-apm1-0545,
7,546,Molduras e grades,PONTEIRO CHEVETT TRASEIRO 87/... LE,J80838,KARINA JULIMAR,1,5800,7540,7540,high,9de34244c57a0a79d53dec49e46a688f204ee6fe5e445843a6b470d8cd369f4b,APM1-0546,ponteiro-chevett-traseiro-87-le-apm1-0546,
7,547,Molduras e grades,MOLDURA P/LAMA STRADA 12/14 TRASEIRO LD,111194-0,CHG,1,12500,16250,16250,high,38696d257c13615a362e0e54f4ce4dbcee799a54f9ed16fe62f2294c450dc78e,APM1-0547,moldura-p-lama-strada-12-14-traseiro-ld-apm1-0547,
7,548,Molduras e grades,MOLDURA P/LAMA STRADA 12/14 TRASEIRO LE,111195-0,CHG,1,12500,16250,16250,high,c3abbe43e07feb2705f2c532d1fcb6a3419a9f9fbacb78d6b812f39d0f4a4895,APM1-0548,moldura-p-lama-strada-12-14-traseiro-le-apm1-0548,
7,549,Molduras e grades,ACABAMENTO P/LAMA CORSA HATCH 02/... TRASEIRO LE,J80992,KARINA JULIMAR,2,3200,4160,8320,high,a38f8c405b3bd0db0d135ed1c517afa313d4b39ce183befad85a763516ff99da,APM1-0549,acabamento-p-lama-corsa-hatch-02-traseiro-le-apm1-0549,
7,550,Molduras e grades,MOLDURA P/LAMA CORSA/MONTANA 02/11 DIANTEIRO LE,J80967,KARINA JULIMAR,2,3200,4160,8320,high,0d959f083d17c12fbd322865d2216d8d583d23c9da0b67f91f25f91ba5681d1f,APM1-0550,moldura-p-lama-corsa-montana-02-11-dianteiro-le-apm1-0550,
7,551,Molduras e grades,ACABAMENTO P/LAMA STRADA/WEEK 98/06 TRASEIRO LD,J80792,KARINA JULIMAR,1,5900,7670,7670,high,59a0110559506e8de42386c060e8d6bd728c267901b7712b183ea271a1ae40be,APM1-0551,acabamento-p-lama-strada-week-98-06-traseiro-ld-apm1-0551,
7,552,Molduras e grades,MOLDURA VOLKSWAGEN 5U0805583B,,,1,4500,5850,5850,medium,597c709d1c7cf88d0480722fcf1929c5cb4ed482a5e9f3cdb9d92bb27a5aa754,APM1-0552,moldura-volkswagen-5u0805583b-apm1-0552,missing_manufacturer_code
7,553,Molduras e grades,MOLDURA VOLKSWAGEN 5U0805594B,,,1,7800,10140,10140,medium,9725cdb7685ccc85f2458fc3c8d9164a412c00b2ae3afed66aa2136baf012b4e,APM1-0553,moldura-volkswagen-5u0805594b-apm1-0553,missing_manufacturer_code
7,554,Molduras e grades,MOLDURA P/LAMA TRASEIRO CORSA SEDAN 94/... LE,8229,BLAWER,1,2000,2600,2600,high,b3289e48a05768196a9890a7801c9dd6a4136966b8493e243444da81c20a87d7,APM1-0554,moldura-p-lama-traseiro-corsa-sedan-94-le-apm1-0554,
7,555,Molduras e grades,MOLDURA P/LAMA STRADA 12/14 DIANTEIRO LD,111192-2,CHG,1,10000,13000,13000,high,9bb80b979a1ee4ec0b85b7308bc4d0dd5dddb7fcb0a6fdc08e0c5f56a46fa57c,APM1-0555,moldura-p-lama-strada-12-14-dianteiro-ld-apm1-0555,
7,556,Molduras e grades,ALARGADOR NOVO UNO LD,,,2,11500,14950,29900,medium,2964ae946490d2b59100689ec347aea35af293675f72608f175a31434a5c755a,APM1-0556,alargador-novo-uno-ld-apm1-0556,missing_manufacturer_code
7,557,Molduras e grades,MOLDURA FAROL MILHA GOL/SAV/VOY G3 2008,,,1,4200,5460,5460,medium,00ac96edd8ec4e8d615ae4661fe027ad05e5089cecc95028002e01ef7e2b36a6,APM1-0557,moldura-farol-milha-gol-sav-voy-g3-2008-apm1-0557,missing_manufacturer_code
7,558,Molduras e grades,MOLDURA FAROL MILHA FOX/SPACEFOX 10/... SEM MILHA LE,8197,BLAWER,2,1300,1690,3380,high,df3ae1e4a4e828bb5910df57ce80f93d73eef9f3e875531de8df400f99371279,APM1-0558,moldura-farol-milha-fox-spacefox-10-sem-milha-le-apm1-0558,
7,559,Molduras e grades,GRADE PARACHOQUE POLO 07/11 SEM MILHA LD,8508,BLAWER,1,1300,1690,1690,high,47471f37bb82dcdeeac47bbf7499fa3261dc2010b18ecd495f78a1c146de80bc,APM1-0559,grade-parachoque-polo-07-11-sem-milha-ld-apm1-0559,
7,560,Molduras e grades,GRADE PARACHOQUE POLO 07/11 COM MILHA LD,8510,BLAWER,1,1300,1690,1690,high,ebe3ca3e8bff9e0f93be1ed86ffd335bd8a33423c5db00f0dcbccda9772d2243,APM1-0560,grade-parachoque-polo-07-11-com-milha-ld-apm1-0560,
7,561,Molduras e grades,GRADE PARACHOQUE PALIO WEEK 04/07 STRADA C/FURO LD,89948,CHG,1,2000,2600,2600,high,946bc2ead04aa4ad24e2c809a8f767fbc45c3dedda87e83344fdb2fb782c3de2,APM1-0561,grade-parachoque-palio-week-04-07-strada-c-furo-ld-apm1-0561,
7,562,Molduras e grades,GRADE PARACHOQUE PALIO/STRADA S/MILHA LD,8302,BLAWER,1,1300,1690,1690,high,70094fd2236f316059e4b0a736648d2b15775e48e1f23f7e72cb2b2953f23429,APM1-0562,grade-parachoque-palio-strada-s-milha-ld-apm1-0562,
7,563,Molduras e grades,GRADE PARACHOQUE PALIO/STRADA S/MILHA LE,8303,BLAWER,1,1300,1690,1690,high,2abd7c4d2b1f96fc52f52583753d6e1da5a4ef3e9685597432c90ee78b601b06,APM1-0563,grade-parachoque-palio-strada-s-milha-le-apm1-0563,
7,564,Molduras e grades,GRADE PARACHOQUE PALIO/STRADA C/MILHA LE,8301,BLAWER,1,1300,1690,1690,high,38b46376c1c2fee095f80e2bd23bfb6bcadc8215ec8a1f5312505cb074dc4340,APM1-0564,grade-parachoque-palio-strada-c-milha-le-apm1-0564,
7,565,Molduras e grades,GRADE PARACHOQUE FOX/SPACEFOX 16/... SEM FUME MILHA LE,8541,BLAWER,1,1500,1950,1950,high,7a04432b3a0894dcf5f4b88d35c1a08b7e3c439dcb4b36297bd54f4594919830,APM1-0565,grade-parachoque-fox-spacefox-16-sem-fume-milha-le-apm1-0565,
7,566,Molduras e grades,GRADE PARACHOQUE SIENA/STRADA/WEEK 13/... SEM MILHA LD,8332,BLAWER,1,1300,1690,1690,high,70e8ca2fa9dddb92db34de66d085492b55caf4434f0a300cd722c975461a03e7,APM1-0566,grade-parachoque-siena-strada-week-13-sem-milha-ld-apm1-0566,
7,567,Molduras e grades,GRADE PARACHOQUE POLO 07/11 SEM MILHA LE,8507,BLAWER,1,1300,1690,1690,high,b29bf219a21406f5250c8f1de2df7863bd7cd51796015bc081c06bc3815c583e,APM1-0567,grade-parachoque-polo-07-11-sem-milha-le-apm1-0567,
7,568,Molduras e grades,GRADE PARACHOQUE GOL G3 03/05 SEM MILHA LD,8180,BLAWER,4,1300,1690,6760,high,8f35250e752737f5245d9fd32570457ca124c147b628c819f941eb7d29c4f4c6,APM1-0568,grade-parachoque-gol-g3-03-05-sem-milha-ld-apm1-0568,
7,569,Molduras e grades,GRADE PARACHOQUE CORSA CLASSIC 2010/... LD,8238,BLAWER,1,1500,1950,1950,high,9cb1114eb76a4e3cbba6357ec56c27b11d8159e2d32a2f3847258191c0149d38,APM1-0569,grade-parachoque-corsa-classic-2010-ld-apm1-0569,
7,570,Molduras e grades,GRADE PARACHOQUE CLASSIC 10/... LE,8237,BLAWER,1,1500,1950,1950,high,9425001de46af9cefb2b0d734db73e94ecb538c4c30ae09f3ed2f9a7d77c7aff,APM1-0570,grade-parachoque-classic-10-le-apm1-0570,
7,571,Molduras e grades,GRADE PARACHOQUE PALIO 10/... SEM MILHA LE,8175,BLAWER,1,1300,1690,1690,high,e7f58e5f40a26856b413b93218884854c835e4b44933cd7b11f4073990e30c89,APM1-0571,grade-parachoque-palio-10-sem-milha-le-apm1-0571,
7,572,Molduras e grades,GRADE MOLD FAROL AUXILIAR PALIO 2010/ SIENA 10 LE,89969,CHG,2,1000,1300,2600,high,dbc05c2678f67c7a651e75d80297ce99202eb1fcec7cb48b1f6770e27518bf5d,APM1-0572,grade-mold-farol-auxiliar-palio-2010-siena-10-le-apm1-0572,
7,573,Molduras e grades,GRADE PARACHOQUE SIENA/STRADA/WEEK 13... SEM MILHA LE,8331,CHG,1,4000,5200,5200,high,8c3ee8ba034508ba709afffcdbf3ceca10f9fa30685ea9fd08c9dab975ff935c,APM1-0573,grade-parachoque-siena-strada-week-13-sem-milha-le-apm1-0573,
7,574,Molduras e grades,GRADE MOLDURA FAROL AUXILIAR PALIO/SIENA 2010 LD,089968-9,CHG,1,1000,1300,1300,high,877542deed8a4f930951fc56d41311fb67fd1764d051150e39de4c4742b41f0b,APM1-0574,grade-moldura-farol-auxiliar-palio-siena-2010-ld-apm1-0574,
7,575,Molduras e grades,SUPORTE PARACHOQUE DIANTEIRO CORSA 00/... LE,07799-9,JAHU,1,1200,1560,1560,high,140b93e246aed7e713a67c3880c0ba3a9e4c5f57d744ff3e448539d68e6db36c,APM1-0575,suporte-parachoque-dianteiro-corsa-00-le-apm1-0575,
7,576,Molduras e grades,FRISO ACABAMENTO LATERAL CAÇAMBA FIORINO 88/98 LD,7074,CENTERPARTS,3,5000,6500,19500,high,26469986a3762140e96d0e4cfca3d34f109029bfe324a7fc224e030fb1c45264,APM1-0576,friso-acabamento-lateral-cacamba-fiorino-88-98-ld-apm1-0576,
7,577,Molduras e grades,GRADE PARACHOQUE PALIO WEEK /STRADA 04/07 COM MILHA LE,EK0525,ENGEKAR,1,1800,2340,2340,high,341f2ac8f9300a94c3110b77d00ec4e7c3d06e5541ff258019728e0f7ed93e22,APM1-0577,grade-parachoque-palio-week-strada-04-07-com-milha-le-apm1-0577,
7,578,Molduras e grades,SUPORTE PARACHOQUE TRASEIRO GOL/VOY/PAR 87/...,018405-3,CHG,4,1500,1950,7800,high,07dc30e661aaf5f3d1c5fd82bd19ca3bbee51ad4427b51a5362ac1c5150563cc,APM1-0578,suporte-parachoque-traseiro-gol-voy-par-87-apm1-0578,
7,579,Molduras e grades,MOLDURA PAINEL VELOCIDADE GOL/VOY/ COM CL 87/94,IP0805,,2,1500,1950,3900,high,09e31121fbd3598561b9fe953378eb909831fcc11af092cbf8782eeee7bab003,APM1-0579,moldura-painel-velocidade-gol-voy-com-cl-87-94-apm1-0579,
7,580,Molduras e grades,GRADE PARACHOQUE PALIO WAY 14/... SEM MILHA LD,40550,NEW KAR,1,1300,1690,1690,high,71bbf6640df6717c186f9a6f47664dc527f655febf34c920c2ae1e7814bc886d,APM1-0580,grade-parachoque-palio-way-14-sem-milha-ld-apm1-0580,
7,581,Molduras e grades,MOLDURA GRADE FAROL FORD FOCUS 09/11 MILHA LE,,,1,3000,3900,3900,medium,7925ca8969cb3eef8461f5e03d9f6d88ac791510152ab65473eadf13f076217d,APM1-0581,moldura-grade-farol-ford-focus-09-11-milha-le-apm1-0581,missing_manufacturer_code
7,582,Molduras e grades,GRADE PARACHOQUE FOX/SPACEFOX 15/... SEM FURO MILHA LD,8542,BLAWER,1,1300,1690,1690,high,8dc4ba5f46ef149f499f5c232a305690b336e3b84bd3471a6da2c37462cdd287,APM1-0582,grade-parachoque-fox-spacefox-15-sem-furo-milha-ld-apm1-0582,
7,583,Molduras e grades,MOLDURA GRADE FAROL FORD FOCUS 09/11 MILHA LD,,,1,3500,4550,4550,medium,ccd9173f80a2d6e30f6cdf84f4af7b733d5c14184aa7bb9f7b061b5bab4be8bc,APM1-0583,moldura-grade-farol-ford-focus-09-11-milha-ld-apm1-0583,missing_manufacturer_code
7,584,Molduras e grades,GRADE PARACHOQUE CORSA CLASSIC 10/... LE,8232,BLAWER,1,1500,1950,1950,high,fe4adaf9219868c0d4ff7f99b9b0b53edd055355ba2c0842ae47063f85661ddb,APM1-0584,grade-parachoque-corsa-classic-10-le-apm1-0584,
7,585,Molduras e grades,GRADE PARACHOQUE SAV/GOL 2014 G6 MILHA LD,EK0542,ENGEKAR,2,2800,3640,7280,high,591f3ae1088e6233928ca78168aed0bf1423e62a3509a3500336dc6dccac7a3e,APM1-0585,grade-parachoque-sav-gol-2014-g6-milha-ld-apm1-0585,
7,586,Molduras e grades,SUPORTE GUIA PARACHOQUE GOL 87/94,G144,RUFATO,2,1000,1300,2600,high,fdd73eed05ca4e9ae0765310c9a8c0374ca047f7a59b8345af4b4b6a8d694212,APM1-0586,suporte-guia-parachoque-gol-87-94-apm1-0586,
7,587,Molduras e grades,GRADE PARACHOQUE SEM MILHA FOX 10/... LD,8198,BLAWER,2,1300,1690,3380,high,0c51e038ac2b4e69e2b5d0b1567457b00d88bbdcbf4b4f370b3ef0f693351f11,APM1-0587,grade-parachoque-sem-milha-fox-10-ld-apm1-0587,
7,588,Molduras e grades,GRADE PARACHOQUE COM MILHA GOL G5 ARO CROMADO LE,8167,BLAWER,1,1300,1690,1690,high,b5494602004edb0fe55d0dc3be5999ec1a3ed94d2d537738a79c5dd179302fa3,APM1-0588,grade-parachoque-com-milha-gol-g5-aro-cromado-le-apm1-0588,
7,589,Molduras e grades,GRADE MOLDURA FAROL AUXILIAR PALIO WEEK 04/07 STRADA SEM MILHA LD,056850-9,CHG,1,1500,1950,1950,high,b66024c979abca5cfd097cceb7a6134cbaae66ea5881c1346922d8f8b248a2fc,APM1-0589,grade-moldura-farol-auxiliar-palio-week-04-07-strada-sem-milha-ld-apm1-0589,
7,590,Molduras e grades,GRADE PARACHOQUE PALIO/STRADA COM MILHA LD,8300,BLAWER,1,1500,1950,1950,high,14d6c2b2f593c9102eaaf099c860894e29c2b5bd5c1a8e805484d5c6eee18e80,APM1-0590,grade-parachoque-palio-strada-com-milha-ld-apm1-0590,
7,591,Molduras e grades,GRADE PARACHOQUE DIANTEIRO COM FAROL GOL 13/... G6 LD,20150,RUFATO,1,1500,1950,1950,high,a3302efc4f9ed3ba229707f5fb5aed3494fe44db97512845211b386d8379bf9e,APM1-0591,grade-parachoque-dianteiro-com-farol-gol-13-g6-ld-apm1-0591,
7,592,Molduras e grades,SPOILER LATERAl CORSA 94 4/2P LD,V531706,,1,7500,9750,9750,high,01809a3151d272997543b65eafc5c89620ecada638c0737da599d1b582d93d31,APM1-0592,spoiler-lateral-corsa-94-4-2p-ld-apm1-0592,
7,593,Molduras e grades,SPOILER LATERAl CORSA 94 4/2P LE,,,1,7500,9750,9750,medium,3de4f74e4a690edfd522655e8fd46c7a75600f891e8bc74f1f77cdfb8a13bc75,APM1-0593,spoiler-lateral-corsa-94-4-2p-le-apm1-0593,missing_manufacturer_code
7,594,Molduras e grades,GRADE CORSA CLASSIC 10/... COM MOLDURA CROMADA,12089,FIPPARTS,1,3000,3900,3900,high,b6fb297922ec50f4e1bc03b7c60e65617a11f0d164ef399a08fffcb7d7b49798,APM1-0594,grade-corsa-classic-10-com-moldura-cromada-apm1-0594,
7,595,Molduras e grades,GRADE UNO 91/97 C/ENCAIXE PARA EMBLEMA,8129,BLAWER,1,1800,2340,2340,high,27d57bb59fe90ebc13296ecdbb4e506ed33b772c07f39e6a3627b5843301922d,APM1-0595,grade-uno-91-97-c-encaixe-para-emblema-apm1-0595,
7,596,Molduras e grades,GRADE GOL/PASSAT/SAV 95/99 SEM EMBLEMA,8118,BLAWER,1,1500,1950,1950,high,a18b8427aabf7c59a0d8147afa5fbc01fba7de3acbc31d2947eff175387db8ba,APM1-0596,grade-gol-passat-sav-95-99-sem-emblema-apm1-0596,
7,597,Molduras e grades,GRADE GOL/SAV 85/86 VOYAGE 81/86,J10207,KARINA JULIMAR,2,1500,1950,3900,high,8c1c3d45a35ee567c1f7a0fd2fd6e541259c36d2523c91e111c6a4e63925c417,APM1-0597,grade-gol-sav-85-86-voyage-81-86-apm1-0597,
7,598,Molduras e grades,GRADE GOL/SAV 87/90 MAIOR,8187,BLAWER,1,1500,1950,1950,high,b67e0ae4aa95bb329f64f29a97f730cd9d359ffc92f3e3adaa348701020af142,APM1-0598,grade-gol-sav-87-90-maior-apm1-0598,
7,599,Molduras e grades,GRADE GOL/SAV/PAR G3 99/05 FASE 1,J10287,KARINA JULIMAR,1,1500,1950,1950,high,ac0ec8a690dfdd62bc85eb3a66b04224c5c5b8b0e4972a13d003f03b19fde5fd,APM1-0599,grade-gol-sav-par-g3-99-05-fase-1-apm1-0599,
7,600,Molduras e grades,GRADE GOL/VOY/PAR/SAV 91/95,8122,BLAWER,1,1500,1950,1950,high,bda4d345fd4dacf7f7b5f1b8bfbd848905828cc197ea63ae8d6c57efed97c0aa,APM1-0600,grade-gol-voy-par-sav-91-95-apm1-0600,
7,601,Molduras e grades,GRADE MONZA SLE 81/96,J80845,KARINA JULIMAR,1,1500,1950,1950,high,7cd144aab764c21e4308ada30c0c50c7a2428e25ae88b1050ea3f03f6eb7c5aa,APM1-0601,grade-monza-sle-81-96-apm1-0601,
7,602,Molduras e grades,GRADE DELREY/PAMPA 85/90,8172,BLAWER,1,2500,3250,3250,high,6772bc4e2818df0d1bc77112db9f8dd66455160689c03531a1d2964587ae1f4c,APM1-0602,grade-delrey-pampa-85-90-apm1-0602,
7,603,Molduras e grades,GRADE FIESTA/SEDAN 00/06 COURIER 00/..,J40539,KARINA JULIMAR,2,1800,2340,4680,high,b34156fbf8bc1bdde2f7966ec165914e2fa6e90ff0885e6508a581e31167c1d4,APM1-0603,grade-fiesta-sedan-00-06-courier-00-apm1-0603,
7,604,Molduras e grades,GRADE MONZA 91/96 9TUBARÃO),8133,BLAWER,1,1500,1950,1950,high,9d11d485b2f667308663b7bf6869914d57adf817b5f9cbe10fcc33aeac7064fa,APM1-0604,grade-monza-91-96-9tubarao-apm1-0604,
7,605,Molduras e grades,GRADE FIESTA 96/99,8406,BLAWER,1,1800,2340,2340,high,71c5b6161a0f51d60fb62a890f26c8c6f5366f944f541959c857182c03c02ae6,APM1-0605,grade-fiesta-96-99-apm1-0605,
7,606,Molduras e grades,MOLDURA MILHA CROMADA GOL/ASV/PAR 2003/2005,,,1,4500,5850,5850,medium,769e81d344a228bb0fea75f08ffb88a57ca39d7d1746c6d0c957ac0c063c5265,APM1-0606,moldura-milha-cromada-gol-asv-par-2003-2005-apm1-0606,missing_manufacturer_code
7,607,Molduras e grades,REVEST PLACA TRASEIRA VOY 88/90,10500,CENTERPARTS,1,1800,2340,2340,high,2183c7312821a42c511f97a392cee0478ef1298d2544f7d70a8e4d7f41a3a1c5,APM1-0607,revest-placa-traseira-voy-88-90-apm1-0607,
7,608,Molduras e grades,GRADE CORCEL/BELINA/PAMPA 78/84,J40438,KARINA JULIMAR,1,3500,4550,4550,high,0e5bdac5393bb1fa04dc3918600f16977d482cd3204494d64a4fd1d0078d69c0,APM1-0608,grade-corcel-belina-pampa-78-84-apm1-0608,
7,609,Molduras e grades,GRADE P/CHOQUE PALIO 10/... CINZA,8174,BLAWER,1,1300,1690,1690,high,3e2100debe750f16e36207d6f193e930a9bc1d976f4bbd3cae690a5979bd9950,APM1-0609,grade-p-choque-palio-10-cinza-apm1-0609,
7,610,Molduras e grades,TELA UNO FIRE 02/04 S/EMBLEMA,8111,BLAWER,1,1300,1690,1690,high,5d56ad18e1d15ce1aca45b4f8fdf51c0e97e3915bc7f597ae5eee9817279ff7c,APM1-0610,tela-uno-fire-02-04-s-emblema-apm1-0610,
7,611,Molduras e grades,PONTEIRA TRASEIRO PARACHOQUE CORCEL 2 LE,KJ432,KARINA JULIMAR,2,3500,4550,9100,high,a3e23805e4fd6d17f8aa3496362d70bf15781ab5dc6da81a479c54b819743289,APM1-0611,ponteira-traseiro-parachoque-corcel-2-le-apm1-0611,
7,612,Molduras e grades,PONTEIRA TRASEIRA CORCEL 2 LONGA LE,015451-7,CHG,1,4000,5200,5200,high,262925080e513c56390a9686165e08e8fe14e98505cbd894123fb3d9aa498175,APM1-0612,ponteira-traseira-corcel-2-longa-le-apm1-0612,
7,613,Molduras e grades,PONTEIRA TRASEIRA CORCEL 2 78/86 LUXO LD,J40410,KARINA JULIMAR,3,3800,4940,14820,high,eda6d7d4d00c772af513efb6077d5e8fc5ef99518a8221bba8f3fbf89619a868,APM1-0613,ponteira-traseira-corcel-2-78-86-luxo-ld-apm1-0613,
7,614,Molduras e grades,GRADE ESCORT 84/89,J40443,KARINA JULIMAR,1,2000,2600,2600,high,2f5c2f24778bf7b2dfee71221a951c6b6a68ddfd246c10d7fff2b88baa3138f7,APM1-0614,grade-escort-84-89-apm1-0614,
7,615,Molduras e grades,FRISO DIANTEIRO SANTANA 94/95 LE,GRA072,TITAN PARTS,9,1500,1950,17550,high,f10a599fc701580fd495a8b812a8d251479da40902259d988f680594242728f4,APM1-0615,friso-dianteiro-santana-94-95-le-apm1-0615,
7,616,Molduras e grades,FRISO INFERIOR GRADE GOL PAR/SAV/VOY 87/90 LE,,,1,1500,1950,1950,medium,5df6afa8eb6683f6e60c88f8ecaa0cfad3bba1b86067cf8f34d4e9e1e8663cc4,APM1-0616,friso-inferior-grade-gol-par-sav-voy-87-90-le-apm1-0616,missing_manufacturer_code
7,617,Molduras e grades,COBERTURA EXTERNA TROLHO BANCO GOL 91/... LE,313123,CENTERPARTS,1,3000,3900,3900,high,51332df85877a6f796a6a8776abc539632ccfb433434e4c872bbbd9052303802,APM1-0617,cobertura-externa-trolho-banco-gol-91-le-apm1-0617,
8,618,Molduras e grades,COBERTURA EXTERNA TROLHO BANCO GOL 91/... LARGA LE,313113,CENTERPARTS,1,3000,3900,3900,high,923bbec89eb0bf709e6e7a5cff4a8043d69e349c16dd625f49ec855413acb854,APM1-0618,cobertura-externa-trolho-banco-gol-91-larga-le-apm1-0618,
8,619,Molduras e grades,COBERTURA INTERNA TRILHO BRANCO GOL 91/... ESTREITO LE,313111,CENTERPARTS,1,3000,3900,3900,high,f1abe62406b667798f569c7d5d0c9075753caadb3ef1495c20438dc9b1651aba,APM1-0619,cobertura-interna-trilho-branco-gol-91-estreito-le-apm1-0619,
8,620,Molduras e grades,MOLDURA SUPERIOR TAMPA TRASEIRO STRADA 98/06,J60723,KARINA JULIMAR,1,3500,4550,4550,high,e72a4b569eeb7aba43edc7b8e23bd3b86e989496d116069f1349174bc6c7a87c,APM1-0620,moldura-superior-tampa-traseiro-strada-98-06-apm1-0620,
8,621,Molduras e grades,MOLDURA PARALAMA CLASSIC TRASEIRO 18/... LD,076148-0,CHG,1,3000,3900,3900,high,b026faa529f085a295b522175bd642d50589a1ed0a9a1e904af553de66c23ccc,APM1-0621,moldura-paralama-classic-traseiro-18-ld-apm1-0621,
8,622,Molduras e grades,ACABAMENTO SUPERIOR MALA FIORINO 88/...,39208,,1,3500,4550,4550,high,936e8aeb490dced15218ece92117502b96be210015486cfda01356c2fa2fc661,APM1-0622,acabamento-superior-mala-fiorino-88-apm1-0622,
8,623,Para-barros,PARA-BARRO DIANT. ONIX/PRISMA 13/16 LE,1581,,1,7500,9750,9750,high,0d9228eaec0d1a7173919eebf07e2ed94057b8f262eb96a90973b517774e0fd3,APM1-0623,para-barro-diant-onix-prisma-13-16-le-apm1-0623,
8,624,Para-barros,PROTETOR P/LAMA DIANT. GOL 95/... LE,060093-6,CHG,2,7300,9490,18980,high,934703490f76de1ca0fd84330ae853e1862d5d229caffdac5139826d6ac66ccf,APM1-0624,protetor-p-lama-diant-gol-95-le-apm1-0624,
8,625,Para-barros,P/BARRO DIANT. PALIO/SIENA/WEED 96/00 LE,J60751,KARINA JULIMAR,2,7500,9750,19500,high,b9bb704c80a1b88e9c2dc927f00494ff6d3754277c2f02128c249b28bc57b4e6,APM1-0625,p-barro-diant-palio-siena-weed-96-00-le-apm1-0625,
8,626,Para-barros,P/BARRO CORSA/MONTANA 02/12 LD,,,1,7500,9750,9750,medium,86c4818eefcc99ef155bdbecf780295a0feec4ab8719f1258a070844a21dda7b,APM1-0626,p-barro-corsa-montana-02-12-ld-apm1-0626,missing_manufacturer_code
8,627,Para-barros,P/BARRO GOL 99/08 G3 G4 LE,21765,RUFATO,1,7500,9750,9750,high,83816bce5f5b24197bb4155c0e3776e395cce980d8d338cc03c5ebaf1c108eb1,APM1-0627,p-barro-gol-99-08-g3-g4-le-apm1-0627,
8,628,Para-barros,P/BARRO DIANT. ECOSPORT 03/12 LE,,,2,7500,9750,19500,medium,fb618534470a60c296d70f507dacd958fe15e2d79562eac0e5a209a1295760f6,APM1-0628,p-barro-diant-ecosport-03-12-le-apm1-0628,missing_manufacturer_code
8,629,Para-barros,P/BARRO DIANT SPIN 13/... LE,25113,RUFATO,1,7500,9750,9750,high,8d58b11da903d669a6df704e1cb50ba3fadaa908bd52e3bb0cd8337d36fc4b75,APM1-0629,p-barro-diant-spin-13-le-apm1-0629,
8,630,Para-barros,P/BARRO GOL/POINTER 94/08 G3/G4 LD,21766,RUFATO,2,7500,9750,19500,high,a034bfaf54d9e281bb704cc788d88583db7e8a556e11f65c62a21e720d613e75,APM1-0630,p-barro-gol-pointer-94-08-g3-g4-ld-apm1-0630,
8,631,Para-barros,P/BARRO UNO 11/14 LE,24647,RUFATO,1,7500,9750,9750,high,426d81b8870f6677f94b57fa1dfd60522d24eebfad7cbabb38e94e3cece78f50,APM1-0631,p-barro-uno-11-14-le-apm1-0631,
8,632,Para-barros,P/BARRO NOVO PALIO 12/... LD,J60824,KARINA JULIMAR,1,7500,9750,9750,high,3d41248fbc2fbe06b3eb6bc08a9822d6f65f6ed5988ee8d504acae629654ab97,APM1-0632,p-barro-novo-palio-12-ld-apm1-0632,
8,633,Para-barros,P/BARRO DIANT . CORSA 10/14 CLASSIC LD,25566,RUFATO,1,7500,9750,9750,high,c53a95330ff7a0e1c9ba3417c2f63ac1c60214d7283cf7fb19e05ee2db106586,APM1-0633,p-barro-diant-corsa-10-14-classic-ld-apm1-0633,
8,634,Para-barros,P/BARRO DIANT UP 14/... LD,,,2,7500,9750,19500,medium,18f9152816ac4f8f3b3ba4f8dd4bda63d7d760a7d958eb26b6b6396246b9383d,APM1-0634,p-barro-diant-up-14-ld-apm1-0634,missing_manufacturer_code
8,635,Para-barros,P/BARRO DIANT CELTA 06/...,,,1,7500,9750,9750,medium,8130221b3c84b11602a4b44cf487b3b001ce4cd522eae746118a1980685f702b,APM1-0635,p-barro-diant-celta-06-apm1-0635,missing_manufacturer_code
8,636,Para-barros,P/BARRO DIANT PALIO/SIENA/WEEK 96/... LD,J60750,KARINA JULIMAR,1,7500,9750,9750,high,877d2fc789a21d515c07f6b9323cde65eb4aba381cc0b4caed39eb07598296bc,APM1-0636,p-barro-diant-palio-siena-week-96-ld-apm1-0636,
8,637,Para-barros,P/ BARRO DIANT COROLLA 03/... LD,,,1,7500,9750,9750,medium,b74f894271e93fb017408db13cf3c6c06530c66e3e53dd87067da81a1327551b,APM1-0637,p-barro-diant-corolla-03-ld-apm1-0637,missing_manufacturer_code
